fiscal_year,entity,line_item,amount_usd,units,source_page,source_url
2003,FAF combined (FAF+FASB+GASB),accounting support fees (FASB),19697,USD thousands,statements of activities,https://storage.accountingfoundation.org/FAF_2003_AR.pdf
2004,FAF combined (FAF+FASB+GASB),accounting support fees (FASB),25355,USD thousands,statements of activities,https://storage.accountingfoundation.org/FAF_2005_AR.pdf
2005,FAF combined (FAF+FASB+GASB),accounting support fees (FASB),20225,USD thousands,statements of activities,https://storage.accountingfoundation.org/FAF_2005_AR.pdf
2006,FAF combined (FAF+FASB+GASB),accounting support fees (FASB),22436,USD thousands,statements of activities,https://storage.accountingfoundation.org/FAF_2006_AR.pdf
2007,FAF combined (FAF+FASB+GASB),accounting support fees (FASB),22514,USD thousands,statements of activities,https://storage.accountingfoundation.org/FAF_2007_AR.pdf
2008,FAF combined (FAF+FASB+GASB),accounting support fees (FASB),23710,USD thousands,statements of activities,https://storage.accountingfoundation.org/FAF_2008_AR.pdf
2009,FAF combined (FAF+FASB+GASB),accounting support fees (FASB),28854,USD thousands,41,https://storage.accountingfoundation.org/ar_faf_10_corrected.pdf
2009,FAF combined (FAF+FASB+GASB),change in net assets,6467,USD thousands,41,https://storage.accountingfoundation.org/ar_faf_10_corrected.pdf
2009,FAF combined (FAF+FASB+GASB),contributions - FAF contributed services,236,USD thousands,41,https://storage.accountingfoundation.org/ar_faf_10_corrected.pdf
2009,FAF combined (FAF+FASB+GASB),contributions - GASB,1226,USD thousands,41,https://storage.accountingfoundation.org/ar_faf_10_corrected.pdf
2009,FAF combined (FAF+FASB+GASB),direct costs of subscriptions and publications,6291,USD thousands,41,https://storage.accountingfoundation.org/ar_faf_10_corrected.pdf
2009,FAF combined (FAF+FASB+GASB),investment income - Reserve Fund,3708,USD thousands,41,https://storage.accountingfoundation.org/ar_faf_10_corrected.pdf
2009,FAF combined (FAF+FASB+GASB),investment income - Supplemental Pension Plan,61,USD thousands,41,https://storage.accountingfoundation.org/ar_faf_10_corrected.pdf
2009,FAF combined (FAF+FASB+GASB),investment income - short-term,44,USD thousands,41,https://storage.accountingfoundation.org/ar_faf_10_corrected.pdf
2009,FAF combined (FAF+FASB+GASB),net assets at end of year,59394,USD thousands,41,https://storage.accountingfoundation.org/ar_faf_10_corrected.pdf
2009,FAF combined (FAF+FASB+GASB),net subscriptions and publications,8178,USD thousands,41,https://storage.accountingfoundation.org/ar_faf_10_corrected.pdf
2009,FAF combined (FAF+FASB+GASB),subscription and publication revenue (gross),14469,USD thousands,41,https://storage.accountingfoundation.org/ar_faf_10_corrected.pdf
2009,FAF combined (FAF+FASB+GASB),total contributions,1462,USD thousands,41,https://storage.accountingfoundation.org/ar_faf_10_corrected.pdf
2009,FAF combined (FAF+FASB+GASB),total expenses,36937,USD thousands,41,https://storage.accountingfoundation.org/ar_faf_10_corrected.pdf
2009,FAF combined (FAF+FASB+GASB),total revenue,38494,USD thousands,41,https://storage.accountingfoundation.org/ar_faf_10_corrected.pdf
2010,FAF combined (FAF+FASB+GASB),accounting support fees (FASB),34085,USD thousands,41,https://storage.accountingfoundation.org/ar_faf_10_corrected.pdf
2010,FAF combined (FAF+FASB+GASB),change in net assets,8896,USD thousands,41,https://storage.accountingfoundation.org/ar_faf_10_corrected.pdf
2010,FAF combined (FAF+FASB+GASB),contributions - FAF contributed services,142,USD thousands,41,https://storage.accountingfoundation.org/ar_faf_10_corrected.pdf
2010,FAF combined (FAF+FASB+GASB),contributions - GASB,1202,USD thousands,41,https://storage.accountingfoundation.org/ar_faf_10_corrected.pdf
2010,FAF combined (FAF+FASB+GASB),direct costs of subscriptions and publications,4786,USD thousands,41,https://storage.accountingfoundation.org/ar_faf_10_corrected.pdf
2010,FAF combined (FAF+FASB+GASB),investment income - Reserve Fund,1719,USD thousands,41,https://storage.accountingfoundation.org/ar_faf_10_corrected.pdf
2010,FAF combined (FAF+FASB+GASB),investment income - Supplemental Pension Plan,70,USD thousands,41,https://storage.accountingfoundation.org/ar_faf_10_corrected.pdf
2010,FAF combined (FAF+FASB+GASB),investment income - short-term,32,USD thousands,41,https://storage.accountingfoundation.org/ar_faf_10_corrected.pdf
2010,FAF combined (FAF+FASB+GASB),net assets at end of year,68290,USD thousands,41,https://storage.accountingfoundation.org/ar_faf_10_corrected.pdf
2010,FAF combined (FAF+FASB+GASB),net subscriptions and publications,13707,USD thousands,41,https://storage.accountingfoundation.org/ar_faf_10_corrected.pdf
2010,FAF combined (FAF+FASB+GASB),subscription and publication revenue (gross),18493,USD thousands,41,https://storage.accountingfoundation.org/ar_faf_10_corrected.pdf
2010,FAF combined (FAF+FASB+GASB),total contributions,1344,USD thousands,41,https://storage.accountingfoundation.org/ar_faf_10_corrected.pdf
2010,FAF combined (FAF+FASB+GASB),total expenses,40892,USD thousands,41,https://storage.accountingfoundation.org/ar_faf_10_corrected.pdf
2010,FAF combined (FAF+FASB+GASB),total revenue,49136,USD thousands,41,https://storage.accountingfoundation.org/ar_faf_10_corrected.pdf
2011,FAF combined (FAF+FASB+GASB),accounting support fees (FASB),29961,USD thousands,31,https://storage.accountingfoundation.org/FAF_11AR_FINAL_150dpi.pdf
2011,FAF combined (FAF+FASB+GASB),change in net assets,-303,USD thousands,31,https://storage.accountingfoundation.org/FAF_11AR_FINAL_150dpi.pdf
2011,FAF combined (FAF+FASB+GASB),contributions - FAF contributed services,90,USD thousands,31,https://storage.accountingfoundation.org/FAF_11AR_FINAL_150dpi.pdf
2011,FAF combined (FAF+FASB+GASB),contributions - GASB,1175,USD thousands,31,https://storage.accountingfoundation.org/FAF_11AR_FINAL_150dpi.pdf
2011,FAF combined (FAF+FASB+GASB),direct costs of subscriptions and publications,4168,USD thousands,31,https://storage.accountingfoundation.org/FAF_11AR_FINAL_150dpi.pdf
2011,FAF combined (FAF+FASB+GASB),investment income - Reserve Fund,676,USD thousands,31,https://storage.accountingfoundation.org/FAF_11AR_FINAL_150dpi.pdf
2011,FAF combined (FAF+FASB+GASB),investment income - Supplemental Pension Plan,1,USD thousands,31,https://storage.accountingfoundation.org/FAF_11AR_FINAL_150dpi.pdf
2011,FAF combined (FAF+FASB+GASB),investment income - short-term,21,USD thousands,31,https://storage.accountingfoundation.org/FAF_11AR_FINAL_150dpi.pdf
2011,FAF combined (FAF+FASB+GASB),net assets at end of year,67987,USD thousands,31,https://storage.accountingfoundation.org/FAF_11AR_FINAL_150dpi.pdf
2011,FAF combined (FAF+FASB+GASB),net subscriptions and publications,14023,USD thousands,31,https://storage.accountingfoundation.org/FAF_11AR_FINAL_150dpi.pdf
2011,FAF combined (FAF+FASB+GASB),subscription and publication revenue (gross),18191,USD thousands,31,https://storage.accountingfoundation.org/FAF_11AR_FINAL_150dpi.pdf
2011,FAF combined (FAF+FASB+GASB),total contributions,1265,USD thousands,31,https://storage.accountingfoundation.org/FAF_11AR_FINAL_150dpi.pdf
2011,FAF combined (FAF+FASB+GASB),total expenses,43964,USD thousands,31,https://storage.accountingfoundation.org/FAF_11AR_FINAL_150dpi.pdf
2011,FAF combined (FAF+FASB+GASB),total revenue,45249,USD thousands,31,https://storage.accountingfoundation.org/FAF_11AR_FINAL_150dpi.pdf
2012,FAF combined (FAF+FASB+GASB),accounting support fees (FASB),29769,USD thousands,32,https://storage.accountingfoundation.org/FAF_13AR_FINAL.pdf
2012,FAF combined (FAF+FASB+GASB),accounting support fees (GASB),8451,USD thousands,32,https://storage.accountingfoundation.org/FAF_13AR_FINAL.pdf
2012,FAF combined (FAF+FASB+GASB),change in net assets,7760,USD thousands,32,https://storage.accountingfoundation.org/FAF_13AR_FINAL.pdf
2012,FAF combined (FAF+FASB+GASB),contributions - FAF contributed services,110,USD thousands,32,https://storage.accountingfoundation.org/FAF_13AR_FINAL.pdf
2012,FAF combined (FAF+FASB+GASB),direct costs of subscriptions and publications,4600,USD thousands,32,https://storage.accountingfoundation.org/FAF_13AR_FINAL.pdf
2012,FAF combined (FAF+FASB+GASB),investment income - Reserve Fund,1537,USD thousands,32,https://storage.accountingfoundation.org/FAF_13AR_FINAL.pdf
2012,FAF combined (FAF+FASB+GASB),investment income - Supplemental Pension Plan,103,USD thousands,32,https://storage.accountingfoundation.org/FAF_13AR_FINAL.pdf
2012,FAF combined (FAF+FASB+GASB),investment income - short-term,26,USD thousands,32,https://storage.accountingfoundation.org/FAF_13AR_FINAL.pdf
2012,FAF combined (FAF+FASB+GASB),net assets at end of year,75747,USD thousands,32,https://storage.accountingfoundation.org/FAF_13AR_FINAL.pdf
2012,FAF combined (FAF+FASB+GASB),net subscriptions and publications,13200,USD thousands,32,https://storage.accountingfoundation.org/FAF_13AR_FINAL.pdf
2012,FAF combined (FAF+FASB+GASB),subscription and publication revenue (gross),17800,USD thousands,32,https://storage.accountingfoundation.org/FAF_13AR_FINAL.pdf
2012,FAF combined (FAF+FASB+GASB),total accounting support fees,38220,USD thousands,32,https://storage.accountingfoundation.org/FAF_13AR_FINAL.pdf
2012,FAF combined (FAF+FASB+GASB),total expenses,45216,USD thousands,32,https://storage.accountingfoundation.org/FAF_13AR_FINAL.pdf
2012,FAF combined (FAF+FASB+GASB),total revenue,51530,USD thousands,32,https://storage.accountingfoundation.org/FAF_13AR_FINAL.pdf
2013,FAF combined (FAF+FASB+GASB),FASB Codification bound volumes,512,USD thousands,30,https://storage.accountingfoundation.org/FAF_AR14_FINAL_WEBSITE.pdf
2013,FAF combined (FAF+FASB+GASB),FASB license fees,12921,USD thousands,30,https://storage.accountingfoundation.org/FAF_AR14_FINAL_WEBSITE.pdf
2013,FAF combined (FAF+FASB+GASB),FASB other publications,77,USD thousands,30,https://storage.accountingfoundation.org/FAF_AR14_FINAL_WEBSITE.pdf
2013,FAF combined (FAF+FASB+GASB),FASB subscription plans revenue,2465,USD thousands,30,https://storage.accountingfoundation.org/FAF_AR14_FINAL_WEBSITE.pdf
2013,FAF combined (FAF+FASB+GASB),FASB subscriptions and publications (total),15975,USD thousands,30,https://storage.accountingfoundation.org/FAF_AR14_FINAL_WEBSITE.pdf
2013,FAF combined (FAF+FASB+GASB),GASB bound editions,267,USD thousands,30,https://storage.accountingfoundation.org/FAF_AR14_FINAL_WEBSITE.pdf
2013,FAF combined (FAF+FASB+GASB),GASB license fees,979,USD thousands,30,https://storage.accountingfoundation.org/FAF_AR14_FINAL_WEBSITE.pdf
2013,FAF combined (FAF+FASB+GASB),GASB subscription plans revenue,626,USD thousands,30,https://storage.accountingfoundation.org/FAF_AR14_FINAL_WEBSITE.pdf
2013,FAF combined (FAF+FASB+GASB),accounting support fees (FASB),25527,USD thousands,32,https://storage.accountingfoundation.org/FAF_13AR_FINAL.pdf
2013,FAF combined (FAF+FASB+GASB),accounting support fees (GASB),7390,USD thousands,32,https://storage.accountingfoundation.org/FAF_13AR_FINAL.pdf
2013,FAF combined (FAF+FASB+GASB),change in net assets,8060,USD thousands,32,https://storage.accountingfoundation.org/FAF_13AR_FINAL.pdf
2013,FAF combined (FAF+FASB+GASB),contributions - FAF contributed services,110,USD thousands,32,https://storage.accountingfoundation.org/FAF_13AR_FINAL.pdf
2013,FAF combined (FAF+FASB+GASB),direct costs of subscriptions and publications,4433,USD thousands,32,https://storage.accountingfoundation.org/FAF_13AR_FINAL.pdf
2013,FAF combined (FAF+FASB+GASB),investment income - Reserve Fund,425,USD thousands,32,https://storage.accountingfoundation.org/FAF_13AR_FINAL.pdf
2013,FAF combined (FAF+FASB+GASB),investment income - Supplemental Pension Plan,-93,USD thousands,32,https://storage.accountingfoundation.org/FAF_13AR_FINAL.pdf
2013,FAF combined (FAF+FASB+GASB),investment income - short-term,19,USD thousands,32,https://storage.accountingfoundation.org/FAF_13AR_FINAL.pdf
2013,FAF combined (FAF+FASB+GASB),net assets at end of year,83807,USD thousands,32,https://storage.accountingfoundation.org/FAF_13AR_FINAL.pdf
2013,FAF combined (FAF+FASB+GASB),net subscriptions and publications,13453,USD thousands,32,https://storage.accountingfoundation.org/FAF_13AR_FINAL.pdf
2013,FAF combined (FAF+FASB+GASB),other - class action settlement,2539,USD thousands,32,https://storage.accountingfoundation.org/FAF_13AR_FINAL.pdf
2013,FAF combined (FAF+FASB+GASB),subscription and publication revenue (gross),17886,USD thousands,32,https://storage.accountingfoundation.org/FAF_13AR_FINAL.pdf
2013,FAF combined (FAF+FASB+GASB),total accounting support fees,32917,USD thousands,32,https://storage.accountingfoundation.org/FAF_13AR_FINAL.pdf
2013,FAF combined (FAF+FASB+GASB),total expenses,46108,USD thousands,32,https://storage.accountingfoundation.org/FAF_13AR_FINAL.pdf
2013,FAF combined (FAF+FASB+GASB),total revenue,46480,USD thousands,32,https://storage.accountingfoundation.org/FAF_13AR_FINAL.pdf
2014,FAF combined (FAF+FASB+GASB),FASB Codification bound volumes,363,USD thousands,30,https://storage.accountingfoundation.org/FAF_AR14_FINAL_WEBSITE.pdf
2014,FAF combined (FAF+FASB+GASB),FASB license fees,13289,USD thousands,30,https://storage.accountingfoundation.org/FAF_AR14_FINAL_WEBSITE.pdf
2014,FAF combined (FAF+FASB+GASB),FASB other publications,68,USD thousands,30,https://storage.accountingfoundation.org/FAF_AR14_FINAL_WEBSITE.pdf
2014,FAF combined (FAF+FASB+GASB),FASB subscription plans revenue,2295,USD thousands,30,https://storage.accountingfoundation.org/FAF_AR14_FINAL_WEBSITE.pdf
2014,FAF combined (FAF+FASB+GASB),FASB subscriptions and publications (total),16015,USD thousands,30,https://storage.accountingfoundation.org/FAF_AR14_FINAL_WEBSITE.pdf
2014,FAF combined (FAF+FASB+GASB),GASB bound editions,139,USD thousands,30,https://storage.accountingfoundation.org/FAF_AR14_FINAL_WEBSITE.pdf
2014,FAF combined (FAF+FASB+GASB),GASB final documents and other,23,USD thousands,30,https://storage.accountingfoundation.org/FAF_AR14_FINAL_WEBSITE.pdf
2014,FAF combined (FAF+FASB+GASB),GASB license fees,1079,USD thousands,30,https://storage.accountingfoundation.org/FAF_AR14_FINAL_WEBSITE.pdf
2014,FAF combined (FAF+FASB+GASB),GASB subscription plans revenue,548,USD thousands,30,https://storage.accountingfoundation.org/FAF_AR14_FINAL_WEBSITE.pdf
2014,FAF combined (FAF+FASB+GASB),GASB subscriptions and publications (total),1807,USD thousands,30,https://storage.accountingfoundation.org/FAF_AR14_FINAL_WEBSITE.pdf
2014,FAF combined (FAF+FASB+GASB),accounting support fees (FASB),24034,USD thousands,36,https://storage.accountingfoundation.org/FAF_AR15_Full(SP)_FINAL.pdf
2014,FAF combined (FAF+FASB+GASB),accounting support fees (GASB),6159,USD thousands,36,https://storage.accountingfoundation.org/FAF_AR15_Full(SP)_FINAL.pdf
2014,FAF combined (FAF+FASB+GASB),change in net assets,-9705,USD thousands,36,https://storage.accountingfoundation.org/FAF_AR15_Full(SP)_FINAL.pdf
2014,FAF combined (FAF+FASB+GASB),contributions - FAF contributed services,192,USD thousands,36,https://storage.accountingfoundation.org/FAF_AR15_Full(SP)_FINAL.pdf
2014,FAF combined (FAF+FASB+GASB),direct costs of subscriptions and publications,4168,USD thousands,36,https://storage.accountingfoundation.org/FAF_AR15_Full(SP)_FINAL.pdf
2014,FAF combined (FAF+FASB+GASB),investment income - Reserve Fund,686,USD thousands,36,https://storage.accountingfoundation.org/FAF_AR15_Full(SP)_FINAL.pdf
2014,FAF combined (FAF+FASB+GASB),investment income - Supplemental Pension Plan,229,USD thousands,36,https://storage.accountingfoundation.org/FAF_AR15_Full(SP)_FINAL.pdf
2014,FAF combined (FAF+FASB+GASB),investment income - short-term,22,USD thousands,36,https://storage.accountingfoundation.org/FAF_AR15_Full(SP)_FINAL.pdf
2014,FAF combined (FAF+FASB+GASB),net assets at end of year,74102,USD thousands,36,https://storage.accountingfoundation.org/FAF_AR15_Full(SP)_FINAL.pdf
2014,FAF combined (FAF+FASB+GASB),net subscriptions and publications,13654,USD thousands,36,https://storage.accountingfoundation.org/FAF_AR15_Full(SP)_FINAL.pdf
2014,FAF combined (FAF+FASB+GASB),subscription and publication revenue (gross),17822,USD thousands,36,https://storage.accountingfoundation.org/FAF_AR15_Full(SP)_FINAL.pdf
2014,FAF combined (FAF+FASB+GASB),total accounting support fees,30193,USD thousands,36,https://storage.accountingfoundation.org/FAF_AR15_Full(SP)_FINAL.pdf
2014,FAF combined (FAF+FASB+GASB),total expenses,49316,USD thousands,36,https://storage.accountingfoundation.org/FAF_AR15_Full(SP)_FINAL.pdf
2014,FAF combined (FAF+FASB+GASB),total revenue,44039,USD thousands,36,https://storage.accountingfoundation.org/FAF_AR15_Full(SP)_FINAL.pdf
2015,FAF combined (FAF+FASB+GASB),FASB publications revenue (gross),15830,USD thousands,6,https://web.archive.org/web/20181230104713id_/https://www.accountingfoundation.org/cs/BlobServer?...filename%3DFAF_2016_audited_financials_final.pdf
2015,FAF combined (FAF+FASB+GASB),GASB publications revenue (gross),1665,USD thousands,6,https://web.archive.org/web/20181230104713id_/https://www.accountingfoundation.org/cs/BlobServer?...filename%3DFAF_2016_audited_financials_final.pdf
2015,FAF combined (FAF+FASB+GASB),accounting support fees (FASB),23908,USD thousands,36,https://storage.accountingfoundation.org/FAF_AR15_Full(SP)_FINAL.pdf
2015,FAF combined (FAF+FASB+GASB),accounting support fees (GASB),7357,USD thousands,36,https://storage.accountingfoundation.org/FAF_AR15_Full(SP)_FINAL.pdf
2015,FAF combined (FAF+FASB+GASB),change in net assets,-4735,USD thousands,36,https://storage.accountingfoundation.org/FAF_AR15_Full(SP)_FINAL.pdf
2015,FAF combined (FAF+FASB+GASB),contributions - FAF contributed services,240,USD thousands,36,https://storage.accountingfoundation.org/FAF_AR15_Full(SP)_FINAL.pdf
2015,FAF combined (FAF+FASB+GASB),direct costs of subscriptions and publications,4326,USD thousands,36,https://storage.accountingfoundation.org/FAF_AR15_Full(SP)_FINAL.pdf
2015,FAF combined (FAF+FASB+GASB),investment income - Reserve Fund,430,USD thousands,36,https://storage.accountingfoundation.org/FAF_AR15_Full(SP)_FINAL.pdf
2015,FAF combined (FAF+FASB+GASB),investment income - Supplemental Pension Plan,91,USD thousands,36,https://storage.accountingfoundation.org/FAF_AR15_Full(SP)_FINAL.pdf
2015,FAF combined (FAF+FASB+GASB),investment income - short-term,30,USD thousands,36,https://storage.accountingfoundation.org/FAF_AR15_Full(SP)_FINAL.pdf
2015,FAF combined (FAF+FASB+GASB),net assets at end of year,69367,USD thousands,36,https://storage.accountingfoundation.org/FAF_AR15_Full(SP)_FINAL.pdf
2015,FAF combined (FAF+FASB+GASB),net subscriptions and publications,13169,USD thousands,36,https://storage.accountingfoundation.org/FAF_AR15_Full(SP)_FINAL.pdf
2015,FAF combined (FAF+FASB+GASB),subscription and publication revenue (gross),17495,USD thousands,36,https://storage.accountingfoundation.org/FAF_AR15_Full(SP)_FINAL.pdf
2015,FAF combined (FAF+FASB+GASB),total accounting support fees,31265,USD thousands,36,https://storage.accountingfoundation.org/FAF_AR15_Full(SP)_FINAL.pdf
2015,FAF combined (FAF+FASB+GASB),total expenses,50514,USD thousands,36,https://storage.accountingfoundation.org/FAF_AR15_Full(SP)_FINAL.pdf
2015,FAF combined (FAF+FASB+GASB),total revenue,44674,USD thousands,36,https://storage.accountingfoundation.org/FAF_AR15_Full(SP)_FINAL.pdf
2015,FASB (standalone entity),accounting support fees (FASB),23908,USD thousands,1,https://web.archive.org/web/20181230114247id_/https://www.accountingfoundation.org/cs/BlobServer?...filename%3DFASB_2016_Audited_financials_final.pdf
2015,FASB (standalone entity),net assets at end of year,6148,USD thousands,1,https://web.archive.org/web/20181230114247id_/https://www.accountingfoundation.org/cs/BlobServer?...filename%3DFASB_2016_Audited_financials_final.pdf
2015,FASB (standalone entity),total expenses,38525,USD thousands,1,https://web.archive.org/web/20181230114247id_/https://www.accountingfoundation.org/cs/BlobServer?...filename%3DFASB_2016_Audited_financials_final.pdf
2015,FASB (standalone entity),total revenue,23908,USD thousands,1,https://web.archive.org/web/20181230114247id_/https://www.accountingfoundation.org/cs/BlobServer?...filename%3DFASB_2016_Audited_financials_final.pdf
2016,FAF combined (FAF+FASB+GASB),FASB publications revenue (gross),15395,USD thousands,6,https://web.archive.org/web/20181230104713id_/https://www.accountingfoundation.org/cs/BlobServer?...filename%3DFAF_2016_audited_financials_final.pdf
2016,FAF combined (FAF+FASB+GASB),GASB publications revenue (gross),1684,USD thousands,6,https://web.archive.org/web/20181230104713id_/https://www.accountingfoundation.org/cs/BlobServer?...filename%3DFAF_2016_audited_financials_final.pdf
2016,FAF combined (FAF+FASB+GASB),accounting support fees (FASB),24782,USD thousands,1,https://web.archive.org/web/20181230104713id_/https://www.accountingfoundation.org/cs/BlobServer?...filename%3DFAF_2016_audited_financials_final.pdf
2016,FAF combined (FAF+FASB+GASB),accounting support fees (GASB),8310,USD thousands,1,https://web.archive.org/web/20181230104713id_/https://www.accountingfoundation.org/cs/BlobServer?...filename%3DFAF_2016_audited_financials_final.pdf
2016,FAF combined (FAF+FASB+GASB),change in net assets,-4859,USD thousands,1,https://web.archive.org/web/20181230104713id_/https://www.accountingfoundation.org/cs/BlobServer?...filename%3DFAF_2016_audited_financials_final.pdf
2016,FAF combined (FAF+FASB+GASB),contributions - FAF contributed services,195,USD thousands,1,https://web.archive.org/web/20181230104713id_/https://www.accountingfoundation.org/cs/BlobServer?...filename%3DFAF_2016_audited_financials_final.pdf
2016,FAF combined (FAF+FASB+GASB),direct costs of subscriptions and publications,3740,USD thousands,1,https://web.archive.org/web/20181230104713id_/https://www.accountingfoundation.org/cs/BlobServer?...filename%3DFAF_2016_audited_financials_final.pdf
2016,FAF combined (FAF+FASB+GASB),investment income - Reserve Fund,963,USD thousands,1,https://web.archive.org/web/20181230104713id_/https://www.accountingfoundation.org/cs/BlobServer?...filename%3DFAF_2016_audited_financials_final.pdf
2016,FAF combined (FAF+FASB+GASB),investment income - short-term,40,USD thousands,1,https://web.archive.org/web/20181230104713id_/https://www.accountingfoundation.org/cs/BlobServer?...filename%3DFAF_2016_audited_financials_final.pdf
2016,FAF combined (FAF+FASB+GASB),net assets at end of year,64508,USD thousands,1,https://web.archive.org/web/20181230104713id_/https://www.accountingfoundation.org/cs/BlobServer?...filename%3DFAF_2016_audited_financials_final.pdf
2016,FAF combined (FAF+FASB+GASB),net subscriptions and publications,13339,USD thousands,1,https://web.archive.org/web/20181230104713id_/https://www.accountingfoundation.org/cs/BlobServer?...filename%3DFAF_2016_audited_financials_final.pdf
2016,FAF combined (FAF+FASB+GASB),subscription and publication revenue (gross),17079,USD thousands,1,https://web.archive.org/web/20181230104713id_/https://www.accountingfoundation.org/cs/BlobServer?...filename%3DFAF_2016_audited_financials_final.pdf
2016,FAF combined (FAF+FASB+GASB),total accounting support fees,33092,USD thousands,1,https://web.archive.org/web/20181230104713id_/https://www.accountingfoundation.org/cs/BlobServer?...filename%3DFAF_2016_audited_financials_final.pdf
2016,FAF combined (FAF+FASB+GASB),total expenses,52569,USD thousands,1,https://web.archive.org/web/20181230104713id_/https://www.accountingfoundation.org/cs/BlobServer?...filename%3DFAF_2016_audited_financials_final.pdf
2016,FAF combined (FAF+FASB+GASB),total revenue,46626,USD thousands,1,https://web.archive.org/web/20181230104713id_/https://www.accountingfoundation.org/cs/BlobServer?...filename%3DFAF_2016_audited_financials_final.pdf
2016,FASB (standalone entity),accounting support fees (FASB),24782,USD thousands,1,https://web.archive.org/web/20181230114247id_/https://www.accountingfoundation.org/cs/BlobServer?...filename%3DFASB_2016_Audited_financials_final.pdf
2016,FASB (standalone entity),net assets at end of year,5682,USD thousands,1,https://web.archive.org/web/20181230114247id_/https://www.accountingfoundation.org/cs/BlobServer?...filename%3DFASB_2016_Audited_financials_final.pdf
2016,FASB (standalone entity),total expenses,40476,USD thousands,1,https://web.archive.org/web/20181230114247id_/https://www.accountingfoundation.org/cs/BlobServer?...filename%3DFASB_2016_Audited_financials_final.pdf
2016,FASB (standalone entity),total revenue,24782,USD thousands,1,https://web.archive.org/web/20181230114247id_/https://www.accountingfoundation.org/cs/BlobServer?...filename%3DFASB_2016_Audited_financials_final.pdf
2017,FAF combined (FAF+FASB+GASB),Note 2 disaggregation: hard copy and other (total),427,USD thousands,6,https://web.archive.org/web/20190430151427id_/https://accountingfoundation.org/cs/BlobServer?...filename%3DFAF_2018_Financials_Final.pdf
2017,FAF combined (FAF+FASB+GASB),Note 2 disaggregation: licensing (total),14745,USD thousands,6,https://web.archive.org/web/20190430151427id_/https://accountingfoundation.org/cs/BlobServer?...filename%3DFAF_2018_Financials_Final.pdf
2017,FAF combined (FAF+FASB+GASB),Note 2 disaggregation: online subscriptions (total),1843,USD thousands,6,https://web.archive.org/web/20190430151427id_/https://accountingfoundation.org/cs/BlobServer?...filename%3DFAF_2018_Financials_Final.pdf
2017,FAF combined (FAF+FASB+GASB),Note 2 disaggregation: print subscriptions (total),638,USD thousands,6,https://web.archive.org/web/20190430151427id_/https://accountingfoundation.org/cs/BlobServer?...filename%3DFAF_2018_Financials_Final.pdf
2017,FAF combined (FAF+FASB+GASB),Note 2 disaggregation: total (total),17653,USD thousands,6,https://web.archive.org/web/20190430151427id_/https://accountingfoundation.org/cs/BlobServer?...filename%3DFAF_2018_Financials_Final.pdf
2017,FAF combined (FAF+FASB+GASB),accounting support fees (FASB),27763,USD thousands,1,https://web.archive.org/web/20190430151427id_/https://accountingfoundation.org/cs/BlobServer?...filename%3DFAF_2018_Financials_Final.pdf
2017,FAF combined (FAF+FASB+GASB),accounting support fees (GASB),8309,USD thousands,1,https://web.archive.org/web/20190430151427id_/https://accountingfoundation.org/cs/BlobServer?...filename%3DFAF_2018_Financials_Final.pdf
2017,FAF combined (FAF+FASB+GASB),change in net assets,1369,USD thousands,1,https://web.archive.org/web/20190430151427id_/https://accountingfoundation.org/cs/BlobServer?...filename%3DFAF_2018_Financials_Final.pdf
2017,FAF combined (FAF+FASB+GASB),contributions - FAF contributed services,204,USD thousands,1,https://web.archive.org/web/20190430151427id_/https://accountingfoundation.org/cs/BlobServer?...filename%3DFAF_2018_Financials_Final.pdf
2017,FAF combined (FAF+FASB+GASB),investment income - Reserve Fund,835,USD thousands,1,https://web.archive.org/web/20190430151427id_/https://accountingfoundation.org/cs/BlobServer?...filename%3DFAF_2018_Financials_Final.pdf
2017,FAF combined (FAF+FASB+GASB),investment income - short-term,78,USD thousands,1,https://web.archive.org/web/20190430151427id_/https://accountingfoundation.org/cs/BlobServer?...filename%3DFAF_2018_Financials_Final.pdf
2017,FAF combined (FAF+FASB+GASB),net assets at end of year,65877,USD thousands,1,https://web.archive.org/web/20190430151427id_/https://accountingfoundation.org/cs/BlobServer?...filename%3DFAF_2018_Financials_Final.pdf
2017,FAF combined (FAF+FASB+GASB),publishing revenue (total),17653,USD thousands,1,https://web.archive.org/web/20190430151427id_/https://accountingfoundation.org/cs/BlobServer?...filename%3DFAF_2018_Financials_Final.pdf
2017,FAF combined (FAF+FASB+GASB),total accounting support fees,36072,USD thousands,1,https://web.archive.org/web/20190430151427id_/https://accountingfoundation.org/cs/BlobServer?...filename%3DFAF_2018_Financials_Final.pdf
2017,FAF combined (FAF+FASB+GASB),total expenses,55511,USD thousands,1,https://web.archive.org/web/20190430151427id_/https://accountingfoundation.org/cs/BlobServer?...filename%3DFAF_2018_Financials_Final.pdf
2017,FAF combined (FAF+FASB+GASB),total revenue,53929,USD thousands,1,https://web.archive.org/web/20190430151427id_/https://accountingfoundation.org/cs/BlobServer?...filename%3DFAF_2018_Financials_Final.pdf
2017,FASB (standalone entity),accounting support fees (FASB),27763,USD thousands,1,https://web.archive.org/web/20190428185241id_/https://accountingfoundation.org/cs/BlobServer?...filename%3DFASB_2018_Financials_Final.pdf
2017,FASB (standalone entity),net assets at end of year,5891,USD thousands,1,https://web.archive.org/web/20190428185241id_/https://accountingfoundation.org/cs/BlobServer?...filename%3DFASB_2018_Financials_Final.pdf
2017,FASB (standalone entity),total expenses,39404,USD thousands,1,https://web.archive.org/web/20190428185241id_/https://accountingfoundation.org/cs/BlobServer?...filename%3DFASB_2018_Financials_Final.pdf
2017,FASB (standalone entity),total revenue,27763,USD thousands,1,https://web.archive.org/web/20190428185241id_/https://accountingfoundation.org/cs/BlobServer?...filename%3DFASB_2018_Financials_Final.pdf
2017,FASB content,Note 2 disaggregation: hard copy and other (FASB),330,USD thousands,6,https://web.archive.org/web/20190430151427id_/https://accountingfoundation.org/cs/BlobServer?...filename%3DFAF_2018_Financials_Final.pdf
2017,FASB content,Note 2 disaggregation: licensing (FASB),13586,USD thousands,6,https://web.archive.org/web/20190430151427id_/https://accountingfoundation.org/cs/BlobServer?...filename%3DFAF_2018_Financials_Final.pdf
2017,FASB content,Note 2 disaggregation: online subscriptions (FASB),1750,USD thousands,6,https://web.archive.org/web/20190430151427id_/https://accountingfoundation.org/cs/BlobServer?...filename%3DFAF_2018_Financials_Final.pdf
2017,FASB content,Note 2 disaggregation: print subscriptions (FASB),281,USD thousands,6,https://web.archive.org/web/20190430151427id_/https://accountingfoundation.org/cs/BlobServer?...filename%3DFAF_2018_Financials_Final.pdf
2017,FASB content,Note 2 disaggregation: total (FASB),15947,USD thousands,6,https://web.archive.org/web/20190430151427id_/https://accountingfoundation.org/cs/BlobServer?...filename%3DFAF_2018_Financials_Final.pdf
2017,GASB content,Note 2 disaggregation: hard copy and other (GASB),97,USD thousands,6,https://web.archive.org/web/20190430151427id_/https://accountingfoundation.org/cs/BlobServer?...filename%3DFAF_2018_Financials_Final.pdf
2017,GASB content,Note 2 disaggregation: licensing (GASB),1159,USD thousands,6,https://web.archive.org/web/20190430151427id_/https://accountingfoundation.org/cs/BlobServer?...filename%3DFAF_2018_Financials_Final.pdf
2017,GASB content,Note 2 disaggregation: online subscriptions (GASB),93,USD thousands,6,https://web.archive.org/web/20190430151427id_/https://accountingfoundation.org/cs/BlobServer?...filename%3DFAF_2018_Financials_Final.pdf
2017,GASB content,Note 2 disaggregation: print subscriptions (GASB),357,USD thousands,6,https://web.archive.org/web/20190430151427id_/https://accountingfoundation.org/cs/BlobServer?...filename%3DFAF_2018_Financials_Final.pdf
2017,GASB content,Note 2 disaggregation: total (GASB),1706,USD thousands,6,https://web.archive.org/web/20190430151427id_/https://accountingfoundation.org/cs/BlobServer?...filename%3DFAF_2018_Financials_Final.pdf
2018,FAF combined (FAF+FASB+GASB),Note 2 disaggregation: hard copy and other (total),320,USD thousands,6,https://web.archive.org/web/20190430151427id_/https://accountingfoundation.org/cs/BlobServer?...filename%3DFAF_2018_Financials_Final.pdf
2018,FAF combined (FAF+FASB+GASB),Note 2 disaggregation: licensing (total),15377,USD thousands,6,https://web.archive.org/web/20190430151427id_/https://accountingfoundation.org/cs/BlobServer?...filename%3DFAF_2018_Financials_Final.pdf
2018,FAF combined (FAF+FASB+GASB),Note 2 disaggregation: online subscriptions (total),1827,USD thousands,6,https://web.archive.org/web/20190430151427id_/https://accountingfoundation.org/cs/BlobServer?...filename%3DFAF_2018_Financials_Final.pdf
2018,FAF combined (FAF+FASB+GASB),Note 2 disaggregation: print subscriptions (total),596,USD thousands,6,https://web.archive.org/web/20190430151427id_/https://accountingfoundation.org/cs/BlobServer?...filename%3DFAF_2018_Financials_Final.pdf
2018,FAF combined (FAF+FASB+GASB),Note 2 disaggregation: total (total),18120,USD thousands,6,https://web.archive.org/web/20190430151427id_/https://accountingfoundation.org/cs/BlobServer?...filename%3DFAF_2018_Financials_Final.pdf
2018,FAF combined (FAF+FASB+GASB),accounting support fees (FASB),29081,USD thousands,1,https://web.archive.org/web/20190430151427id_/https://accountingfoundation.org/cs/BlobServer?...filename%3DFAF_2018_Financials_Final.pdf
2018,FAF combined (FAF+FASB+GASB),accounting support fees (GASB),8346,USD thousands,1,https://web.archive.org/web/20190430151427id_/https://accountingfoundation.org/cs/BlobServer?...filename%3DFAF_2018_Financials_Final.pdf
2018,FAF combined (FAF+FASB+GASB),change in net assets,4252,USD thousands,1,https://web.archive.org/web/20190430151427id_/https://accountingfoundation.org/cs/BlobServer?...filename%3DFAF_2018_Financials_Final.pdf
2018,FAF combined (FAF+FASB+GASB),contributions - FAF contributed services,184,USD thousands,1,https://web.archive.org/web/20190430151427id_/https://accountingfoundation.org/cs/BlobServer?...filename%3DFAF_2018_Financials_Final.pdf
2018,FAF combined (FAF+FASB+GASB),investment income - Reserve Fund,777,USD thousands,1,https://web.archive.org/web/20190430151427id_/https://accountingfoundation.org/cs/BlobServer?...filename%3DFAF_2018_Financials_Final.pdf
2018,FAF combined (FAF+FASB+GASB),investment income - short-term,150,USD thousands,1,https://web.archive.org/web/20190430151427id_/https://accountingfoundation.org/cs/BlobServer?...filename%3DFAF_2018_Financials_Final.pdf
2018,FAF combined (FAF+FASB+GASB),net assets at end of year,70129,USD thousands,1,https://web.archive.org/web/20190430151427id_/https://accountingfoundation.org/cs/BlobServer?...filename%3DFAF_2018_Financials_Final.pdf
2018,FAF combined (FAF+FASB+GASB),publishing revenue (total),18120,USD thousands,1,https://web.archive.org/web/20190430151427id_/https://accountingfoundation.org/cs/BlobServer?...filename%3DFAF_2018_Financials_Final.pdf
2018,FAF combined (FAF+FASB+GASB),total accounting support fees,37427,USD thousands,1,https://web.archive.org/web/20190430151427id_/https://accountingfoundation.org/cs/BlobServer?...filename%3DFAF_2018_Financials_Final.pdf
2018,FAF combined (FAF+FASB+GASB),total expenses,52559,USD thousands,1,https://web.archive.org/web/20190430151427id_/https://accountingfoundation.org/cs/BlobServer?...filename%3DFAF_2018_Financials_Final.pdf
2018,FAF combined (FAF+FASB+GASB),total revenue,55731,USD thousands,1,https://web.archive.org/web/20190430151427id_/https://accountingfoundation.org/cs/BlobServer?...filename%3DFAF_2018_Financials_Final.pdf
2018,FASB (standalone entity),accounting support fees (FASB),29081,USD thousands,1,https://web.archive.org/web/20190428185241id_/https://accountingfoundation.org/cs/BlobServer?...filename%3DFASB_2018_Financials_Final.pdf
2018,FASB (standalone entity),net assets at end of year,5752,USD thousands,1,https://web.archive.org/web/20190428185241id_/https://accountingfoundation.org/cs/BlobServer?...filename%3DFASB_2018_Financials_Final.pdf
2018,FASB (standalone entity),total expenses,36579,USD thousands,1,https://web.archive.org/web/20190428185241id_/https://accountingfoundation.org/cs/BlobServer?...filename%3DFASB_2018_Financials_Final.pdf
2018,FASB (standalone entity),total revenue,29081,USD thousands,1,https://web.archive.org/web/20190428185241id_/https://accountingfoundation.org/cs/BlobServer?...filename%3DFASB_2018_Financials_Final.pdf
2018,FASB content,Note 2 disaggregation: hard copy and other (FASB),232,USD thousands,6,https://web.archive.org/web/20190430151427id_/https://accountingfoundation.org/cs/BlobServer?...filename%3DFAF_2018_Financials_Final.pdf
2018,FASB content,Note 2 disaggregation: licensing (FASB),14184,USD thousands,6,https://web.archive.org/web/20190430151427id_/https://accountingfoundation.org/cs/BlobServer?...filename%3DFAF_2018_Financials_Final.pdf
2018,FASB content,Note 2 disaggregation: online subscriptions (FASB),1730,USD thousands,6,https://web.archive.org/web/20190430151427id_/https://accountingfoundation.org/cs/BlobServer?...filename%3DFAF_2018_Financials_Final.pdf
2018,FASB content,Note 2 disaggregation: print subscriptions (FASB),256,USD thousands,6,https://web.archive.org/web/20190430151427id_/https://accountingfoundation.org/cs/BlobServer?...filename%3DFAF_2018_Financials_Final.pdf
2018,FASB content,Note 2 disaggregation: total (FASB),16402,USD thousands,6,https://web.archive.org/web/20190430151427id_/https://accountingfoundation.org/cs/BlobServer?...filename%3DFAF_2018_Financials_Final.pdf
2018,GASB content,Note 2 disaggregation: hard copy and other (GASB),88,USD thousands,6,https://web.archive.org/web/20190430151427id_/https://accountingfoundation.org/cs/BlobServer?...filename%3DFAF_2018_Financials_Final.pdf
2018,GASB content,Note 2 disaggregation: licensing (GASB),1193,USD thousands,6,https://web.archive.org/web/20190430151427id_/https://accountingfoundation.org/cs/BlobServer?...filename%3DFAF_2018_Financials_Final.pdf
2018,GASB content,Note 2 disaggregation: online subscriptions (GASB),97,USD thousands,6,https://web.archive.org/web/20190430151427id_/https://accountingfoundation.org/cs/BlobServer?...filename%3DFAF_2018_Financials_Final.pdf
2018,GASB content,Note 2 disaggregation: print subscriptions (GASB),340,USD thousands,6,https://web.archive.org/web/20190430151427id_/https://accountingfoundation.org/cs/BlobServer?...filename%3DFAF_2018_Financials_Final.pdf
2018,GASB content,Note 2 disaggregation: total (GASB),1718,USD thousands,6,https://web.archive.org/web/20190430151427id_/https://accountingfoundation.org/cs/BlobServer?...filename%3DFAF_2018_Financials_Final.pdf
2019,FAF combined (FAF+FASB+GASB),Note 2 disaggregation: hard copy and other (total),293,USD thousands,6,https://storage.accountingfoundation.org/Financial_Accounting_Foundation_20_FS_Final_Unsecured.pdf
2019,FAF combined (FAF+FASB+GASB),Note 2 disaggregation: licensing (total),16040,USD thousands,6,https://storage.accountingfoundation.org/Financial_Accounting_Foundation_20_FS_Final_Unsecured.pdf
2019,FAF combined (FAF+FASB+GASB),Note 2 disaggregation: online subscriptions (total),1818,USD thousands,6,https://storage.accountingfoundation.org/Financial_Accounting_Foundation_20_FS_Final_Unsecured.pdf
2019,FAF combined (FAF+FASB+GASB),Note 2 disaggregation: print subscriptions (total),527,USD thousands,6,https://storage.accountingfoundation.org/Financial_Accounting_Foundation_20_FS_Final_Unsecured.pdf
2019,FAF combined (FAF+FASB+GASB),Note 2 disaggregation: total (total),18678,USD thousands,6,https://storage.accountingfoundation.org/Financial_Accounting_Foundation_20_FS_Final_Unsecured.pdf
2019,FAF combined (FAF+FASB+GASB),accounting support fees (FASB),29294,USD thousands,1,https://storage.accountingfoundation.org/Financial_Accounting_Foundation_20_FS_Final_Unsecured.pdf
2019,FAF combined (FAF+FASB+GASB),accounting support fees (GASB),8936,USD thousands,1,https://storage.accountingfoundation.org/Financial_Accounting_Foundation_20_FS_Final_Unsecured.pdf
2019,FAF combined (FAF+FASB+GASB),change in net assets,3294,USD thousands,1,https://storage.accountingfoundation.org/Financial_Accounting_Foundation_20_FS_Final_Unsecured.pdf
2019,FAF combined (FAF+FASB+GASB),contributions - contributed services,130,USD thousands,1,https://storage.accountingfoundation.org/Financial_Accounting_Foundation_20_FS_Final_Unsecured.pdf
2019,FAF combined (FAF+FASB+GASB),investment income - Reserve Fund,2343,USD thousands,1,https://storage.accountingfoundation.org/Financial_Accounting_Foundation_20_FS_Final_Unsecured.pdf
2019,FAF combined (FAF+FASB+GASB),investment income - short-term,155,USD thousands,1,https://storage.accountingfoundation.org/Financial_Accounting_Foundation_20_FS_Final_Unsecured.pdf
2019,FAF combined (FAF+FASB+GASB),net assets at end of year,73423,USD thousands,1,https://storage.accountingfoundation.org/Financial_Accounting_Foundation_20_FS_Final_Unsecured.pdf
2019,FAF combined (FAF+FASB+GASB),publishing revenue (total),18678,USD thousands,1,https://storage.accountingfoundation.org/Financial_Accounting_Foundation_20_FS_Final_Unsecured.pdf
2019,FAF combined (FAF+FASB+GASB),total accounting support fees,38230,USD thousands,1,https://storage.accountingfoundation.org/Financial_Accounting_Foundation_20_FS_Final_Unsecured.pdf
2019,FAF combined (FAF+FASB+GASB),total expenses,56408,USD thousands,1,https://storage.accountingfoundation.org/Financial_Accounting_Foundation_20_FS_Final_Unsecured.pdf
2019,FAF combined (FAF+FASB+GASB),total revenue,57038,USD thousands,1,https://storage.accountingfoundation.org/Financial_Accounting_Foundation_20_FS_Final_Unsecured.pdf
2019,FASB (standalone entity),accounting support fees (FASB),29294,USD thousands,1,https://storage.accountingfoundation.org/Financial_Accounting_Standards_Board_20_FS_Final.pdf
2019,FASB (standalone entity),net assets at end of year,6308,USD thousands,1,https://storage.accountingfoundation.org/Financial_Accounting_Standards_Board_20_FS_Final.pdf
2019,FASB (standalone entity),total expenses,37776,USD thousands,1,https://storage.accountingfoundation.org/Financial_Accounting_Standards_Board_20_FS_Final.pdf
2019,FASB (standalone entity),total revenue,29294,USD thousands,1,https://storage.accountingfoundation.org/Financial_Accounting_Standards_Board_20_FS_Final.pdf
2019,FASB content,Note 2 disaggregation: hard copy and other (FASB),214,USD thousands,6,https://storage.accountingfoundation.org/Financial_Accounting_Foundation_20_FS_Final_Unsecured.pdf
2019,FASB content,Note 2 disaggregation: licensing (FASB),14819,USD thousands,6,https://storage.accountingfoundation.org/Financial_Accounting_Foundation_20_FS_Final_Unsecured.pdf
2019,FASB content,Note 2 disaggregation: online subscriptions (FASB),1721,USD thousands,6,https://storage.accountingfoundation.org/Financial_Accounting_Foundation_20_FS_Final_Unsecured.pdf
2019,FASB content,Note 2 disaggregation: print subscriptions (FASB),220,USD thousands,6,https://storage.accountingfoundation.org/Financial_Accounting_Foundation_20_FS_Final_Unsecured.pdf
2019,FASB content,Note 2 disaggregation: total (FASB),16974,USD thousands,6,https://storage.accountingfoundation.org/Financial_Accounting_Foundation_20_FS_Final_Unsecured.pdf
2019,GASB content,Note 2 disaggregation: hard copy and other (GASB),79,USD thousands,6,https://storage.accountingfoundation.org/Financial_Accounting_Foundation_20_FS_Final_Unsecured.pdf
2019,GASB content,Note 2 disaggregation: licensing (GASB),1221,USD thousands,6,https://storage.accountingfoundation.org/Financial_Accounting_Foundation_20_FS_Final_Unsecured.pdf
2019,GASB content,Note 2 disaggregation: online subscriptions (GASB),97,USD thousands,6,https://storage.accountingfoundation.org/Financial_Accounting_Foundation_20_FS_Final_Unsecured.pdf
2019,GASB content,Note 2 disaggregation: print subscriptions (GASB),307,USD thousands,6,https://storage.accountingfoundation.org/Financial_Accounting_Foundation_20_FS_Final_Unsecured.pdf
2019,GASB content,Note 2 disaggregation: total (GASB),1704,USD thousands,6,https://storage.accountingfoundation.org/Financial_Accounting_Foundation_20_FS_Final_Unsecured.pdf
2020,FAF combined (FAF+FASB+GASB),Note 2 disaggregation: hard copy and other (total),177,USD thousands,7,https://storage.accountingfoundation.org/FAF%20Audited%20Financial%20Statements%202021%20and%202020.pdf
2020,FAF combined (FAF+FASB+GASB),Note 2 disaggregation: licensing (total),16298,USD thousands,7,https://storage.accountingfoundation.org/FAF%20Audited%20Financial%20Statements%202021%20and%202020.pdf
2020,FAF combined (FAF+FASB+GASB),Note 2 disaggregation: online subscriptions (total),1654,USD thousands,7,https://storage.accountingfoundation.org/FAF%20Audited%20Financial%20Statements%202021%20and%202020.pdf
2020,FAF combined (FAF+FASB+GASB),Note 2 disaggregation: print subscriptions (total),493,USD thousands,7,https://storage.accountingfoundation.org/FAF%20Audited%20Financial%20Statements%202021%20and%202020.pdf
2020,FAF combined (FAF+FASB+GASB),Note 2 disaggregation: total (total),18622,USD thousands,7,https://storage.accountingfoundation.org/FAF%20Audited%20Financial%20Statements%202021%20and%202020.pdf
2020,FAF combined (FAF+FASB+GASB),accounting support fees (FASB),31333,USD thousands,1,https://storage.accountingfoundation.org/FAF%20Audited%20Financial%20Statements%202021%20and%202020.pdf
2020,FAF combined (FAF+FASB+GASB),accounting support fees (GASB),10022,USD thousands,1,https://storage.accountingfoundation.org/FAF%20Audited%20Financial%20Statements%202021%20and%202020.pdf
2020,FAF combined (FAF+FASB+GASB),change in net assets,6377,USD thousands,1,https://storage.accountingfoundation.org/FAF%20Audited%20Financial%20Statements%202021%20and%202020.pdf
2020,FAF combined (FAF+FASB+GASB),contributions - contributed services,180,USD thousands,1,https://storage.accountingfoundation.org/FAF%20Audited%20Financial%20Statements%202021%20and%202020.pdf
2020,FAF combined (FAF+FASB+GASB),investment income - Reserve Fund,1670,USD thousands,1,https://storage.accountingfoundation.org/FAF%20Audited%20Financial%20Statements%202021%20and%202020.pdf
2020,FAF combined (FAF+FASB+GASB),investment income - short-term,63,USD thousands,1,https://storage.accountingfoundation.org/FAF%20Audited%20Financial%20Statements%202021%20and%202020.pdf
2020,FAF combined (FAF+FASB+GASB),net assets at end of year,79800,USD thousands,1,https://storage.accountingfoundation.org/FAF%20Audited%20Financial%20Statements%202021%20and%202020.pdf
2020,FAF combined (FAF+FASB+GASB),publishing revenue (total),18622,USD thousands,1,https://storage.accountingfoundation.org/FAF%20Audited%20Financial%20Statements%202021%20and%202020.pdf
2020,FAF combined (FAF+FASB+GASB),total accounting support fees,41355,USD thousands,1,https://storage.accountingfoundation.org/FAF%20Audited%20Financial%20Statements%202021%20and%202020.pdf
2020,FAF combined (FAF+FASB+GASB),total expenses,56358,USD thousands,1,https://storage.accountingfoundation.org/FAF%20Audited%20Financial%20Statements%202021%20and%202020.pdf
2020,FAF combined (FAF+FASB+GASB),total revenue,60157,USD thousands,1,https://storage.accountingfoundation.org/FAF%20Audited%20Financial%20Statements%202021%20and%202020.pdf
2020,FASB (standalone entity),accounting support fees (FASB),31332,USD thousands,1,https://storage.accountingfoundation.org/FASB%20Audited%20Financial%20Statements%202021%20and%202020.pdf
2020,FASB (standalone entity),net assets at end of year,6700,USD thousands,1,https://storage.accountingfoundation.org/FASB%20Audited%20Financial%20Statements%202021%20and%202020.pdf
2020,FASB (standalone entity),total expenses,38112,USD thousands,1,https://storage.accountingfoundation.org/FASB%20Audited%20Financial%20Statements%202021%20and%202020.pdf
2020,FASB (standalone entity),total revenue,31332,USD thousands,1,https://storage.accountingfoundation.org/FASB%20Audited%20Financial%20Statements%202021%20and%202020.pdf
2020,FASB content,Note 2 disaggregation: hard copy and other (FASB),119,USD thousands,7,https://storage.accountingfoundation.org/FAF%20Audited%20Financial%20Statements%202021%20and%202020.pdf
2020,FASB content,Note 2 disaggregation: licensing (FASB),15042,USD thousands,7,https://storage.accountingfoundation.org/FAF%20Audited%20Financial%20Statements%202021%20and%202020.pdf
2020,FASB content,Note 2 disaggregation: online subscriptions (FASB),1564,USD thousands,7,https://storage.accountingfoundation.org/FAF%20Audited%20Financial%20Statements%202021%20and%202020.pdf
2020,FASB content,Note 2 disaggregation: print subscriptions (FASB),206,USD thousands,7,https://storage.accountingfoundation.org/FAF%20Audited%20Financial%20Statements%202021%20and%202020.pdf
2020,FASB content,Note 2 disaggregation: total (FASB),16931,USD thousands,7,https://storage.accountingfoundation.org/FAF%20Audited%20Financial%20Statements%202021%20and%202020.pdf
2020,GASB content,Note 2 disaggregation: hard copy and other (GASB),58,USD thousands,7,https://storage.accountingfoundation.org/FAF%20Audited%20Financial%20Statements%202021%20and%202020.pdf
2020,GASB content,Note 2 disaggregation: licensing (GASB),1256,USD thousands,7,https://storage.accountingfoundation.org/FAF%20Audited%20Financial%20Statements%202021%20and%202020.pdf
2020,GASB content,Note 2 disaggregation: online subscriptions (GASB),90,USD thousands,7,https://storage.accountingfoundation.org/FAF%20Audited%20Financial%20Statements%202021%20and%202020.pdf
2020,GASB content,Note 2 disaggregation: print subscriptions (GASB),287,USD thousands,7,https://storage.accountingfoundation.org/FAF%20Audited%20Financial%20Statements%202021%20and%202020.pdf
2020,GASB content,Note 2 disaggregation: total (GASB),1691,USD thousands,7,https://storage.accountingfoundation.org/FAF%20Audited%20Financial%20Statements%202021%20and%202020.pdf
2021,FAF combined (FAF+FASB+GASB),Note 2 disaggregation: hard copy and other (total),148,USD thousands,7,https://storage.accountingfoundation.org/FAF%20Audited%20Financial%20Statements%202022%20and%202021.pdf
2021,FAF combined (FAF+FASB+GASB),Note 2 disaggregation: licensing (total),16847,USD thousands,7,https://storage.accountingfoundation.org/FAF%20Audited%20Financial%20Statements%202022%20and%202021.pdf
2021,FAF combined (FAF+FASB+GASB),Note 2 disaggregation: online subscriptions (total),1605,USD thousands,7,https://storage.accountingfoundation.org/FAF%20Audited%20Financial%20Statements%202022%20and%202021.pdf
2021,FAF combined (FAF+FASB+GASB),Note 2 disaggregation: print subscriptions (total),412,USD thousands,7,https://storage.accountingfoundation.org/FAF%20Audited%20Financial%20Statements%202022%20and%202021.pdf
2021,FAF combined (FAF+FASB+GASB),Note 2 disaggregation: total (total),19012,USD thousands,7,https://storage.accountingfoundation.org/FAF%20Audited%20Financial%20Statements%202022%20and%202021.pdf
2021,FAF combined (FAF+FASB+GASB),accounting support fees (FASB),31439,USD thousands,1,https://storage.accountingfoundation.org/FAF%20Audited%20Financial%20Statements%202021%20and%202020.pdf
2021,FAF combined (FAF+FASB+GASB),accounting support fees (GASB),10707,USD thousands,1,https://storage.accountingfoundation.org/FAF%20Audited%20Financial%20Statements%202021%20and%202020.pdf
2021,FAF combined (FAF+FASB+GASB),change in net assets,3845,USD thousands,1,https://storage.accountingfoundation.org/FAF%20Audited%20Financial%20Statements%202021%20and%202020.pdf
2021,FAF combined (FAF+FASB+GASB),contributions - contributed services,192,USD thousands,1,https://storage.accountingfoundation.org/FAF%20Audited%20Financial%20Statements%202021%20and%202020.pdf
2021,FAF combined (FAF+FASB+GASB),investment income - Reserve Fund,-93,USD thousands,1,https://storage.accountingfoundation.org/FAF%20Audited%20Financial%20Statements%202021%20and%202020.pdf
2021,FAF combined (FAF+FASB+GASB),investment income - short-term,37,USD thousands,1,https://storage.accountingfoundation.org/FAF%20Audited%20Financial%20Statements%202021%20and%202020.pdf
2021,FAF combined (FAF+FASB+GASB),net assets at end of year,83645,USD thousands,1,https://storage.accountingfoundation.org/FAF%20Audited%20Financial%20Statements%202021%20and%202020.pdf
2021,FAF combined (FAF+FASB+GASB),publishing revenue (total),19012,USD thousands,1,https://storage.accountingfoundation.org/FAF%20Audited%20Financial%20Statements%202021%20and%202020.pdf
2021,FAF combined (FAF+FASB+GASB),total accounting support fees,42146,USD thousands,1,https://storage.accountingfoundation.org/FAF%20Audited%20Financial%20Statements%202021%20and%202020.pdf
2021,FAF combined (FAF+FASB+GASB),total expenses,57055,USD thousands,1,https://storage.accountingfoundation.org/FAF%20Audited%20Financial%20Statements%202021%20and%202020.pdf
2021,FAF combined (FAF+FASB+GASB),total revenue,61350,USD thousands,1,https://storage.accountingfoundation.org/FAF%20Audited%20Financial%20Statements%202021%20and%202020.pdf
2021,FASB (standalone entity),accounting support fees (FASB),31439,USD thousands,1,https://storage.accountingfoundation.org/FASB%20Audited%20Financial%20Statements%202021%20and%202020.pdf
2021,FASB (standalone entity),net assets at end of year,6917,USD thousands,1,https://storage.accountingfoundation.org/FASB%20Audited%20Financial%20Statements%202021%20and%202020.pdf
2021,FASB (standalone entity),total expenses,38541,USD thousands,1,https://storage.accountingfoundation.org/FASB%20Audited%20Financial%20Statements%202021%20and%202020.pdf
2021,FASB (standalone entity),total revenue,31439,USD thousands,1,https://storage.accountingfoundation.org/FASB%20Audited%20Financial%20Statements%202021%20and%202020.pdf
2021,FASB content,Note 2 disaggregation: hard copy and other (FASB),99,USD thousands,7,https://storage.accountingfoundation.org/FAF%20Audited%20Financial%20Statements%202022%20and%202021.pdf
2021,FASB content,Note 2 disaggregation: licensing (FASB),15609,USD thousands,7,https://storage.accountingfoundation.org/FAF%20Audited%20Financial%20Statements%202022%20and%202021.pdf
2021,FASB content,Note 2 disaggregation: online subscriptions (FASB),1513,USD thousands,7,https://storage.accountingfoundation.org/FAF%20Audited%20Financial%20Statements%202022%20and%202021.pdf
2021,FASB content,Note 2 disaggregation: print subscriptions (FASB),165,USD thousands,7,https://storage.accountingfoundation.org/FAF%20Audited%20Financial%20Statements%202022%20and%202021.pdf
2021,FASB content,Note 2 disaggregation: total (FASB),17386,USD thousands,7,https://storage.accountingfoundation.org/FAF%20Audited%20Financial%20Statements%202022%20and%202021.pdf
2021,GASB content,Note 2 disaggregation: hard copy and other (GASB),49,USD thousands,7,https://storage.accountingfoundation.org/FAF%20Audited%20Financial%20Statements%202022%20and%202021.pdf
2021,GASB content,Note 2 disaggregation: licensing (GASB),1238,USD thousands,7,https://storage.accountingfoundation.org/FAF%20Audited%20Financial%20Statements%202022%20and%202021.pdf
2021,GASB content,Note 2 disaggregation: online subscriptions (GASB),92,USD thousands,7,https://storage.accountingfoundation.org/FAF%20Audited%20Financial%20Statements%202022%20and%202021.pdf
2021,GASB content,Note 2 disaggregation: print subscriptions (GASB),247,USD thousands,7,https://storage.accountingfoundation.org/FAF%20Audited%20Financial%20Statements%202022%20and%202021.pdf
2021,GASB content,Note 2 disaggregation: total (GASB),1626,USD thousands,7,https://storage.accountingfoundation.org/FAF%20Audited%20Financial%20Statements%202022%20and%202021.pdf
2022,FAF combined (FAF+FASB+GASB),Note 2 disaggregation: hard copy and other (total),114,USD thousands,7,https://storage.accountingfoundation.org/FAF%20Audited%20Financial%20Statements%202023%20and%202022.pdf
2022,FAF combined (FAF+FASB+GASB),Note 2 disaggregation: licensing (total),19147,USD thousands,7,https://storage.accountingfoundation.org/FAF%20Audited%20Financial%20Statements%202023%20and%202022.pdf
2022,FAF combined (FAF+FASB+GASB),Note 2 disaggregation: online subscriptions (total),1562,USD thousands,7,https://storage.accountingfoundation.org/FAF%20Audited%20Financial%20Statements%202023%20and%202022.pdf
2022,FAF combined (FAF+FASB+GASB),Note 2 disaggregation: print subscriptions (total),344,USD thousands,7,https://storage.accountingfoundation.org/FAF%20Audited%20Financial%20Statements%202023%20and%202022.pdf
2022,FAF combined (FAF+FASB+GASB),Note 2 disaggregation: total (total),21167,USD thousands,7,https://storage.accountingfoundation.org/FAF%20Audited%20Financial%20Statements%202023%20and%202022.pdf
2022,FAF combined (FAF+FASB+GASB),accounting support fees (FASB),41054,USD thousands,1,https://storage.accountingfoundation.org/FAF%20Audited%20Financial%20Statements%202023%20and%202022.pdf
2022,FAF combined (FAF+FASB+GASB),accounting support fees (GASB),12509,USD thousands,1,https://storage.accountingfoundation.org/FAF%20Audited%20Financial%20Statements%202023%20and%202022.pdf
2022,FAF combined (FAF+FASB+GASB),change in net assets,10675,USD thousands,1,https://storage.accountingfoundation.org/FAF%20Audited%20Financial%20Statements%202023%20and%202022.pdf
2022,FAF combined (FAF+FASB+GASB),contributions - contributed services,217,USD thousands,1,https://storage.accountingfoundation.org/FAF%20Audited%20Financial%20Statements%202023%20and%202022.pdf
2022,FAF combined (FAF+FASB+GASB),investment income - Reserve Fund,-1368,USD thousands,1,https://storage.accountingfoundation.org/FAF%20Audited%20Financial%20Statements%202023%20and%202022.pdf
2022,FAF combined (FAF+FASB+GASB),investment income - short-term,91,USD thousands,1,https://storage.accountingfoundation.org/FAF%20Audited%20Financial%20Statements%202023%20and%202022.pdf
2022,FAF combined (FAF+FASB+GASB),licensing and sales revenue (total),21167,USD thousands,1,https://storage.accountingfoundation.org/FAF%20Audited%20Financial%20Statements%202023%20and%202022.pdf
2022,FAF combined (FAF+FASB+GASB),net assets at end of year,94320,USD thousands,1,https://storage.accountingfoundation.org/FAF%20Audited%20Financial%20Statements%202023%20and%202022.pdf
2022,FAF combined (FAF+FASB+GASB),total accounting support fees,53563,USD thousands,1,https://storage.accountingfoundation.org/FAF%20Audited%20Financial%20Statements%202023%20and%202022.pdf
2022,FAF combined (FAF+FASB+GASB),total expenses,64260,USD thousands,1,https://storage.accountingfoundation.org/FAF%20Audited%20Financial%20Statements%202023%20and%202022.pdf
2022,FAF combined (FAF+FASB+GASB),total revenue,74947,USD thousands,1,https://storage.accountingfoundation.org/FAF%20Audited%20Financial%20Statements%202023%20and%202022.pdf
2022,FASB (standalone entity),accounting support fees (FASB),41054,USD thousands,1,https://storage.accountingfoundation.org/FASB%20Audited%20Financial%20Statements%202023%20and%202022.pdf
2022,FASB (standalone entity),net assets at end of year,3890,USD thousands,1,https://storage.accountingfoundation.org/FASB%20Audited%20Financial%20Statements%202023%20and%202022.pdf
2022,FASB (standalone entity),total expenses,41477,USD thousands,1,https://storage.accountingfoundation.org/FASB%20Audited%20Financial%20Statements%202023%20and%202022.pdf
2022,FASB (standalone entity),total revenue,41054,USD thousands,1,https://storage.accountingfoundation.org/FASB%20Audited%20Financial%20Statements%202023%20and%202022.pdf
2022,FASB content,Note 2 disaggregation: hard copy and other (FASB),83,USD thousands,7,https://storage.accountingfoundation.org/FAF%20Audited%20Financial%20Statements%202023%20and%202022.pdf
2022,FASB content,Note 2 disaggregation: licensing (FASB),17903,USD thousands,7,https://storage.accountingfoundation.org/FAF%20Audited%20Financial%20Statements%202023%20and%202022.pdf
2022,FASB content,Note 2 disaggregation: online subscriptions (FASB),1491,USD thousands,7,https://storage.accountingfoundation.org/FAF%20Audited%20Financial%20Statements%202023%20and%202022.pdf
2022,FASB content,Note 2 disaggregation: print subscriptions (FASB),144,USD thousands,7,https://storage.accountingfoundation.org/FAF%20Audited%20Financial%20Statements%202023%20and%202022.pdf
2022,FASB content,Note 2 disaggregation: total (FASB),19621,USD thousands,7,https://storage.accountingfoundation.org/FAF%20Audited%20Financial%20Statements%202023%20and%202022.pdf
2022,GASB content,Note 2 disaggregation: hard copy and other (GASB),31,USD thousands,7,https://storage.accountingfoundation.org/FAF%20Audited%20Financial%20Statements%202023%20and%202022.pdf
2022,GASB content,Note 2 disaggregation: licensing (GASB),1244,USD thousands,7,https://storage.accountingfoundation.org/FAF%20Audited%20Financial%20Statements%202023%20and%202022.pdf
2022,GASB content,Note 2 disaggregation: online subscriptions (GASB),71,USD thousands,7,https://storage.accountingfoundation.org/FAF%20Audited%20Financial%20Statements%202023%20and%202022.pdf
2022,GASB content,Note 2 disaggregation: print subscriptions (GASB),200,USD thousands,7,https://storage.accountingfoundation.org/FAF%20Audited%20Financial%20Statements%202023%20and%202022.pdf
2022,GASB content,Note 2 disaggregation: total (GASB),1546,USD thousands,7,https://storage.accountingfoundation.org/FAF%20Audited%20Financial%20Statements%202023%20and%202022.pdf
2023,FAF combined (FAF+FASB+GASB),Note 2 disaggregation: hard copy and other (total),77,USD thousands,7,https://storage.accountingfoundation.org/FAF%20Audited%20Financial%20Statements%202023%20and%202022.pdf
2023,FAF combined (FAF+FASB+GASB),Note 2 disaggregation: licensing (total),18325,USD thousands,7,https://storage.accountingfoundation.org/FAF%20Audited%20Financial%20Statements%202023%20and%202022.pdf
2023,FAF combined (FAF+FASB+GASB),Note 2 disaggregation: online subscriptions (total),171,USD thousands,7,https://storage.accountingfoundation.org/FAF%20Audited%20Financial%20Statements%202023%20and%202022.pdf
2023,FAF combined (FAF+FASB+GASB),Note 2 disaggregation: print subscriptions (total),122,USD thousands,7,https://storage.accountingfoundation.org/FAF%20Audited%20Financial%20Statements%202023%20and%202022.pdf
2023,FAF combined (FAF+FASB+GASB),Note 2 disaggregation: total (total),18695,USD thousands,7,https://storage.accountingfoundation.org/FAF%20Audited%20Financial%20Statements%202023%20and%202022.pdf
2023,FAF combined (FAF+FASB+GASB),accounting support fees (FASB),45290,USD thousands,1,https://storage.accountingfoundation.org/FAF%20Audited%20Financial%20Statements%202023%20and%202022.pdf
2023,FAF combined (FAF+FASB+GASB),accounting support fees (GASB),14404,USD thousands,1,https://storage.accountingfoundation.org/FAF%20Audited%20Financial%20Statements%202023%20and%202022.pdf
2023,FAF combined (FAF+FASB+GASB),change in net assets,12714,USD thousands,1,https://storage.accountingfoundation.org/FAF%20Audited%20Financial%20Statements%202023%20and%202022.pdf
2023,FAF combined (FAF+FASB+GASB),contributions - contributed services,217,USD thousands,1,https://storage.accountingfoundation.org/FAF%20Audited%20Financial%20Statements%202023%20and%202022.pdf
2023,FAF combined (FAF+FASB+GASB),investment income - Reserve Fund,3129,USD thousands,1,https://storage.accountingfoundation.org/FAF%20Audited%20Financial%20Statements%202023%20and%202022.pdf
2023,FAF combined (FAF+FASB+GASB),investment income - short-term,126,USD thousands,1,https://storage.accountingfoundation.org/FAF%20Audited%20Financial%20Statements%202023%20and%202022.pdf
2023,FAF combined (FAF+FASB+GASB),licensing and sales revenue (total),18695,USD thousands,1,https://storage.accountingfoundation.org/FAF%20Audited%20Financial%20Statements%202023%20and%202022.pdf
2023,FAF combined (FAF+FASB+GASB),net assets at end of year,107034,USD thousands,1,https://storage.accountingfoundation.org/FAF%20Audited%20Financial%20Statements%202023%20and%202022.pdf
2023,FAF combined (FAF+FASB+GASB),total accounting support fees,59694,USD thousands,1,https://storage.accountingfoundation.org/FAF%20Audited%20Financial%20Statements%202023%20and%202022.pdf
2023,FAF combined (FAF+FASB+GASB),total expenses,70470,USD thousands,1,https://storage.accountingfoundation.org/FAF%20Audited%20Financial%20Statements%202023%20and%202022.pdf
2023,FAF combined (FAF+FASB+GASB),total revenue,78606,USD thousands,1,https://storage.accountingfoundation.org/FAF%20Audited%20Financial%20Statements%202023%20and%202022.pdf
2023,FASB (standalone entity),accounting support fees (FASB),45290,USD thousands,1,https://storage.accountingfoundation.org/FASB%20Audited%20Financial%20Statements%202023%20and%202022.pdf
2023,FASB (standalone entity),net assets at end of year,639,USD thousands,1,https://storage.accountingfoundation.org/FASB%20Audited%20Financial%20Statements%202023%20and%202022.pdf
2023,FASB (standalone entity),total expenses,43630,USD thousands,1,https://storage.accountingfoundation.org/FASB%20Audited%20Financial%20Statements%202023%20and%202022.pdf
2023,FASB (standalone entity),total revenue,45290,USD thousands,1,https://storage.accountingfoundation.org/FASB%20Audited%20Financial%20Statements%202023%20and%202022.pdf
2023,FASB content,Note 2 disaggregation: hard copy and other (FASB),59,USD thousands,7,https://storage.accountingfoundation.org/FAF%20Audited%20Financial%20Statements%202023%20and%202022.pdf
2023,FASB content,Note 2 disaggregation: licensing (FASB),17023,USD thousands,7,https://storage.accountingfoundation.org/FAF%20Audited%20Financial%20Statements%202023%20and%202022.pdf
2023,FASB content,Note 2 disaggregation: online subscriptions (FASB),163,USD thousands,7,https://storage.accountingfoundation.org/FAF%20Audited%20Financial%20Statements%202023%20and%202022.pdf
2023,FASB content,Note 2 disaggregation: print subscriptions (FASB),58,USD thousands,7,https://storage.accountingfoundation.org/FAF%20Audited%20Financial%20Statements%202023%20and%202022.pdf
2023,FASB content,Note 2 disaggregation: total (FASB),17303,USD thousands,7,https://storage.accountingfoundation.org/FAF%20Audited%20Financial%20Statements%202023%20and%202022.pdf
2023,GASB content,Note 2 disaggregation: hard copy and other (GASB),18,USD thousands,7,https://storage.accountingfoundation.org/FAF%20Audited%20Financial%20Statements%202023%20and%202022.pdf
2023,GASB content,Note 2 disaggregation: licensing (GASB),1302,USD thousands,7,https://storage.accountingfoundation.org/FAF%20Audited%20Financial%20Statements%202023%20and%202022.pdf
2023,GASB content,Note 2 disaggregation: online subscriptions (GASB),8,USD thousands,7,https://storage.accountingfoundation.org/FAF%20Audited%20Financial%20Statements%202023%20and%202022.pdf
2023,GASB content,Note 2 disaggregation: print subscriptions (GASB),64,USD thousands,7,https://storage.accountingfoundation.org/FAF%20Audited%20Financial%20Statements%202023%20and%202022.pdf
2023,GASB content,Note 2 disaggregation: total (GASB),1392,USD thousands,7,https://storage.accountingfoundation.org/FAF%20Audited%20Financial%20Statements%202023%20and%202022.pdf
2024,FAF combined (FAF+FASB+GASB),Note 2 disaggregation: licensing (total),20766,USD thousands,7,https://storage.accountingfoundation.org/FAF%20Audited%20Financial%20Statements%202024%20and%202023.pdf
2024,FAF combined (FAF+FASB+GASB),Note 2 disaggregation: subscriptions and other (total),0,USD thousands,7,https://storage.accountingfoundation.org/FAF%20Audited%20Financial%20Statements%202024%20and%202023.pdf
2024,FAF combined (FAF+FASB+GASB),Note 2 disaggregation: total (total),20766,USD thousands,7,https://storage.accountingfoundation.org/FAF%20Audited%20Financial%20Statements%202024%20and%202023.pdf
2024,FAF combined (FAF+FASB+GASB),accounting support fees (FASB),42934,USD thousands,3,https://storage.accountingfoundation.org/FAF%20Audited%20Financial%20Statements%202025%20and%202024.pdf
2024,FAF combined (FAF+FASB+GASB),accounting support fees (GASB),18582,USD thousands,3,https://storage.accountingfoundation.org/FAF%20Audited%20Financial%20Statements%202025%20and%202024.pdf
2024,FAF combined (FAF+FASB+GASB),change in net assets,14404,USD thousands,3,https://storage.accountingfoundation.org/FAF%20Audited%20Financial%20Statements%202025%20and%202024.pdf
2024,FAF combined (FAF+FASB+GASB),contributions - contributed services,122,USD thousands,3,https://storage.accountingfoundation.org/FAF%20Audited%20Financial%20Statements%202025%20and%202024.pdf
2024,FAF combined (FAF+FASB+GASB),investment income - Reserve Fund,3954,USD thousands,3,https://storage.accountingfoundation.org/FAF%20Audited%20Financial%20Statements%202025%20and%202024.pdf
2024,FAF combined (FAF+FASB+GASB),investment income - cash and cash equivalents,96,USD thousands,3,https://storage.accountingfoundation.org/FAF%20Audited%20Financial%20Statements%202025%20and%202024.pdf
2024,FAF combined (FAF+FASB+GASB),licensing revenue (total),20766,USD thousands,3,https://storage.accountingfoundation.org/FAF%20Audited%20Financial%20Statements%202025%20and%202024.pdf
2024,FAF combined (FAF+FASB+GASB),net assets at end of year,121438,USD thousands,3,https://storage.accountingfoundation.org/FAF%20Audited%20Financial%20Statements%202025%20and%202024.pdf
2024,FAF combined (FAF+FASB+GASB),total accounting support fees,61516,USD thousands,3,https://storage.accountingfoundation.org/FAF%20Audited%20Financial%20Statements%202025%20and%202024.pdf
2024,FAF combined (FAF+FASB+GASB),total expenses,73260,USD thousands,3,https://storage.accountingfoundation.org/FAF%20Audited%20Financial%20Statements%202025%20and%202024.pdf
2024,FAF combined (FAF+FASB+GASB),total revenue,82404,USD thousands,3,https://storage.accountingfoundation.org/FAF%20Audited%20Financial%20Statements%202025%20and%202024.pdf
2024,FASB (standalone entity),accounting support fees (FASB),42934,USD thousands,5,https://storage.accountingfoundation.org/FASB%20Audited%20Financial%20Statements%202025%20and%202024.pdf
2024,FASB (standalone entity),net assets at end of year,-2569,USD thousands,5,https://storage.accountingfoundation.org/FASB%20Audited%20Financial%20Statements%202025%20and%202024.pdf
2024,FASB (standalone entity),total expenses,46072,USD thousands,5,https://storage.accountingfoundation.org/FASB%20Audited%20Financial%20Statements%202025%20and%202024.pdf
2024,FASB (standalone entity),total revenue,42934,USD thousands,5,https://storage.accountingfoundation.org/FASB%20Audited%20Financial%20Statements%202025%20and%202024.pdf
2024,FASB content,Note 2 disaggregation: licensing (FASB),19191,USD thousands,10,https://storage.accountingfoundation.org/FAF%20Audited%20Financial%20Statements%202024%20and%202023.pdf
2024,FASB content,Note 2 disaggregation: subscriptions and other (FASB),0,USD thousands,10,https://storage.accountingfoundation.org/FAF%20Audited%20Financial%20Statements%202024%20and%202023.pdf
2024,FASB content,Note 2 disaggregation: total (FASB),19191,USD thousands,10,https://storage.accountingfoundation.org/FAF%20Audited%20Financial%20Statements%202024%20and%202023.pdf
2024,GASB content,Note 2 disaggregation: licensing (GASB),1575,USD thousands,10,https://storage.accountingfoundation.org/FAF%20Audited%20Financial%20Statements%202024%20and%202023.pdf
2024,GASB content,Note 2 disaggregation: subscriptions and other (GASB),0,USD thousands,10,https://storage.accountingfoundation.org/FAF%20Audited%20Financial%20Statements%202024%20and%202023.pdf
2024,GASB content,Note 2 disaggregation: total (GASB),1575,USD thousands,10,https://storage.accountingfoundation.org/FAF%20Audited%20Financial%20Statements%202024%20and%202023.pdf
2025,FAF combined (FAF+FASB+GASB),accounting support fees (FASB),32829,USD thousands,3,https://storage.accountingfoundation.org/FAF%20Audited%20Financial%20Statements%202025%20and%202024.pdf
2025,FAF combined (FAF+FASB+GASB),accounting support fees (GASB),17298,USD thousands,3,https://storage.accountingfoundation.org/FAF%20Audited%20Financial%20Statements%202025%20and%202024.pdf
2025,FAF combined (FAF+FASB+GASB),change in net assets,3168,USD thousands,3,https://storage.accountingfoundation.org/FAF%20Audited%20Financial%20Statements%202025%20and%202024.pdf
2025,FAF combined (FAF+FASB+GASB),contributions - contributed services,210,USD thousands,3,https://storage.accountingfoundation.org/FAF%20Audited%20Financial%20Statements%202025%20and%202024.pdf
2025,FAF combined (FAF+FASB+GASB),investment income - Reserve Fund,4916,USD thousands,3,https://storage.accountingfoundation.org/FAF%20Audited%20Financial%20Statements%202025%20and%202024.pdf
2025,FAF combined (FAF+FASB+GASB),investment income - cash and cash equivalents,25,USD thousands,3,https://storage.accountingfoundation.org/FAF%20Audited%20Financial%20Statements%202025%20and%202024.pdf
2025,FAF combined (FAF+FASB+GASB),licensing revenue (total),20608,USD thousands,3,https://storage.accountingfoundation.org/FAF%20Audited%20Financial%20Statements%202025%20and%202024.pdf
2025,FAF combined (FAF+FASB+GASB),net assets at end of year,124606,USD thousands,3,https://storage.accountingfoundation.org/FAF%20Audited%20Financial%20Statements%202025%20and%202024.pdf
2025,FAF combined (FAF+FASB+GASB),total accounting support fees,50127,USD thousands,3,https://storage.accountingfoundation.org/FAF%20Audited%20Financial%20Statements%202025%20and%202024.pdf
2025,FAF combined (FAF+FASB+GASB),total expenses,75203,USD thousands,3,https://storage.accountingfoundation.org/FAF%20Audited%20Financial%20Statements%202025%20and%202024.pdf
2025,FAF combined (FAF+FASB+GASB),total revenue,70945,USD thousands,3,https://storage.accountingfoundation.org/FAF%20Audited%20Financial%20Statements%202025%20and%202024.pdf
2025,FASB (standalone entity),accounting support fees (FASB),32829,USD thousands,5,https://storage.accountingfoundation.org/FASB%20Audited%20Financial%20Statements%202025%20and%202024.pdf
2025,FASB (standalone entity),net assets at end of year,-2337,USD thousands,5,https://storage.accountingfoundation.org/FASB%20Audited%20Financial%20Statements%202025%20and%202024.pdf
2025,FASB (standalone entity),total expenses,48750,USD thousands,5,https://storage.accountingfoundation.org/FASB%20Audited%20Financial%20Statements%202025%20and%202024.pdf
2025,FASB (standalone entity),total revenue,32829,USD thousands,5,https://storage.accountingfoundation.org/FASB%20Audited%20Financial%20Statements%202025%20and%202024.pdf
2025,FASB content,Note 2 disaggregation: licensing (FASB),19138,USD thousands,11,https://storage.accountingfoundation.org/FAF%20Audited%20Financial%20Statements%202025%20and%202024.pdf
2025,GASB content,Note 2 disaggregation: licensing (GASB),1470,USD thousands,11,https://storage.accountingfoundation.org/FAF%20Audited%20Financial%20Statements%202025%20and%202024.pdf
