title,section_citation,section_heading,chapter,title_name,regulated_population,mandate_type,section_primary_mandate_type,queries_matched,granule_id,package_id,source_url,uscode_house_url,local_file,retrieved,verified,names_fasb_or_asc
15,15 U.S.C. § 636,§636. Additional powers,CHAPTER 14A-AID TO SMALL BUSINESS,TITLE 15-COMMERCE AND TRADE,CHAPTER 14A-AID TO SMALL BUSINESS,binding,binding,primary-accounting-standards-codification;primary-financial-accounting-standards-board,USCODE-2024-title15-chap14A-sec636,USCODE-2024-title15,https://api.govinfo.gov/packages/USCODE-2024-title15/granules/USCODE-2024-title15-chap14A-sec636/htm,https://uscode.house.gov/view.xhtml?req=granuleid:USCODE-2024-title15-chap14A-sec636,downloads/raw/govinfo-fulltext/USCODE-2024-title15-chap14A-sec636.htm,2026-09-11,,true
15,15 U.S.C. § 9052,§9052. Optional temporary relief from current expected credit losses,CHAPTER 116-CORONAVIRUS ECONOMIC STABILIZATION (CARES ACT),TITLE 15-COMMERCE AND TRADE,CHAPTER 116-CORONAVIRUS ECONOMIC STABILIZATION (CARES ACT),binding,binding,primary-financial-accounting-standards-board,USCODE-2024-title15-chap116-subchapIII-partA-sec9052,USCODE-2024-title15,https://api.govinfo.gov/packages/USCODE-2024-title15/granules/USCODE-2024-title15-chap116-subchapIII-partA-sec9052/htm,https://uscode.house.gov/view.xhtml?req=granuleid:USCODE-2024-title15-chap116-subchapIII-partA-sec9052,downloads/raw/govinfo-fulltext/USCODE-2024-title15-chap116-subchapIII-partA-sec9052.htm,2026-09-11,,true
12,12 U.S.C. § 5238,§5238. Study on mark-to-market accounting,CHAPTER 52-EMERGENCY ECONOMIC STABILIZATION,TITLE 12-BANKS AND BANKING,CHAPTER 52-EMERGENCY ECONOMIC STABILIZATION,binding,binding,primary-financial-accounting-standards-board,USCODE-2024-title12-chap52-subchapI-sec5238,USCODE-2024-title12,https://api.govinfo.gov/packages/USCODE-2024-title12/granules/USCODE-2024-title12-chap52-subchapI-sec5238/htm,https://uscode.house.gov/view.xhtml?req=granuleid:USCODE-2024-title12-chap52-subchapI-sec5238,downloads/raw/govinfo-fulltext/USCODE-2024-title12-chap52-subchapI-sec5238.htm,2026-09-11,,true
12,12 U.S.C. § 5238,§5238. Study on mark-to-market accounting,CHAPTER 52-EMERGENCY ECONOMIC STABILIZATION,TITLE 12-BANKS AND BANKING,CHAPTER 52-EMERGENCY ECONOMIC STABILIZATION,other,binding,primary-financial-accounting-standards-board,USCODE-2024-title12-chap52-subchapI-sec5238,USCODE-2024-title12,https://api.govinfo.gov/packages/USCODE-2024-title12/granules/USCODE-2024-title12-chap52-subchapI-sec5238/htm,https://uscode.house.gov/view.xhtml?req=granuleid:USCODE-2024-title12-chap52-subchapI-sec5238,downloads/raw/govinfo-fulltext/USCODE-2024-title12-chap52-subchapI-sec5238.htm,2026-09-11,,true
12,12 U.S.C. § 5237,§5237. Authority to suspend mark-to-market accounting,CHAPTER 52-EMERGENCY ECONOMIC STABILIZATION,TITLE 12-BANKS AND BANKING,CHAPTER 52-EMERGENCY ECONOMIC STABILIZATION,binding,binding,primary-financial-accounting-standards-board,USCODE-2024-title12-chap52-subchapI-sec5237,USCODE-2024-title12,https://api.govinfo.gov/packages/USCODE-2024-title12/granules/USCODE-2024-title12-chap52-subchapI-sec5237/htm,https://uscode.house.gov/view.xhtml?req=granuleid:USCODE-2024-title12-chap52-subchapI-sec5237,downloads/raw/govinfo-fulltext/USCODE-2024-title12-chap52-subchapI-sec5237.htm,2026-09-11,,true
12,12 U.S.C. § 1831n,"§1831n. Accounting objectives, standards, and requirements",CHAPTER 16-FEDERAL DEPOSIT INSURANCE CORPORATION,TITLE 12-BANKS AND BANKING,CHAPTER 16-FEDERAL DEPOSIT INSURANCE CORPORATION,binding,binding,primary-gaap;primary-generally-accepted-accounting-principles,USCODE-2024-title12-chap16-sec1831n,USCODE-2024-title12,https://api.govinfo.gov/packages/USCODE-2024-title12/granules/USCODE-2024-title12-chap16-sec1831n/htm,https://uscode.house.gov/view.xhtml?req=granuleid:USCODE-2024-title12-chap16-sec1831n,downloads/raw/govinfo-fulltext/USCODE-2024-title12-chap16-sec1831n.htm,2026-09-11,2026-09-11,false
12,12 U.S.C. § 1831n,"§1831n. Accounting objectives, standards, and requirements",CHAPTER 16-FEDERAL DEPOSIT INSURANCE CORPORATION,TITLE 12-BANKS AND BANKING,CHAPTER 16-FEDERAL DEPOSIT INSURANCE CORPORATION,binding,binding,primary-gaap;primary-generally-accepted-accounting-principles,USCODE-2024-title12-chap16-sec1831n,USCODE-2024-title12,https://api.govinfo.gov/packages/USCODE-2024-title12/granules/USCODE-2024-title12-chap16-sec1831n/htm,https://uscode.house.gov/view.xhtml?req=granuleid:USCODE-2024-title12-chap16-sec1831n,downloads/raw/govinfo-fulltext/USCODE-2024-title12-chap16-sec1831n.htm,2026-09-11,2026-09-11,false
8,8 U.S.C. § 1153,§1153. Allocation of immigrant visas,CHAPTER 12-IMMIGRATION AND NATIONALITY,TITLE 8-ALIENS AND NATIONALITY,CHAPTER 12-IMMIGRATION AND NATIONALITY,binding,binding,primary-generally-accepted-accounting-principles,USCODE-2024-title8-chap12-subchapII-partI-sec1153,USCODE-2024-title8,https://api.govinfo.gov/packages/USCODE-2024-title8/granules/USCODE-2024-title8-chap12-subchapII-partI-sec1153/htm,https://uscode.house.gov/view.xhtml?req=granuleid:USCODE-2024-title8-chap12-subchapII-partI-sec1153,downloads/raw/govinfo-fulltext/USCODE-2024-title8-chap12-subchapII-partI-sec1153.htm,2026-09-11,,false
7,7 U.S.C. § 1627b,§1627b. National Sheep Industry Improvement Center,CHAPTER 38-DISTRIBUTION AND MARKETING OF AGRICULTURAL PRODUCTS,TITLE 7-AGRICULTURE,CHAPTER 38-DISTRIBUTION AND MARKETING OF AGRICULTURAL PRODUCTS,binding,binding,primary-generally-accepted-accounting-principles,USCODE-2024-title7-chap38-subchapI-sec1627b,USCODE-2024-title7,https://api.govinfo.gov/packages/USCODE-2024-title7/granules/USCODE-2024-title7-chap38-subchapI-sec1627b/htm,https://uscode.house.gov/view.xhtml?req=granuleid:USCODE-2024-title7-chap38-subchapI-sec1627b,downloads/raw/govinfo-fulltext/USCODE-2024-title7-chap38-subchapI-sec1627b.htm,2026-09-11,,false
7,7 U.S.C. § 6c,§6c. Prohibited transactions,CHAPTER 1-COMMODITY EXCHANGES,TITLE 7-AGRICULTURE,CHAPTER 1-COMMODITY EXCHANGES,other,other,primary-generally-accepted-accounting-principles,USCODE-2024-title7-chap1-sec6c,USCODE-2024-title7,https://api.govinfo.gov/packages/USCODE-2024-title7/granules/USCODE-2024-title7-chap1-sec6c/htm,https://uscode.house.gov/view.xhtml?req=granuleid:USCODE-2024-title7-chap1-sec6c,downloads/raw/govinfo-fulltext/USCODE-2024-title7-chap1-sec6c.htm,2026-09-11,,false
5,5 U.S.C. § 8439,§8439. Accounting and information,PART III-EMPLOYEES,TITLE 5-GOVERNMENT ORGANIZATION AND EMPLOYEES,PART III-EMPLOYEES,binding,binding,primary-generally-accepted-accounting-principles,USCODE-2024-title5-partIII-subpartG-chap84-subchapIII-sec8439,USCODE-2024-title5,https://api.govinfo.gov/packages/USCODE-2024-title5/granules/USCODE-2024-title5-partIII-subpartG-chap84-subchapIII-sec8439/htm,https://uscode.house.gov/view.xhtml?req=granuleid:USCODE-2024-title5-partIII-subpartG-chap84-subchapIII-sec8439,downloads/raw/govinfo-fulltext/USCODE-2024-title5-partIII-subpartG-chap84-subchapIII-sec8439.htm,2026-09-11,,false
5,5 U.S.C. § 8438,§8438. Investment of Thrift Savings Fund,PART III-EMPLOYEES,TITLE 5-GOVERNMENT ORGANIZATION AND EMPLOYEES,PART III-EMPLOYEES,binding,binding,primary-generally-accepted-accounting-principles,USCODE-2024-title5-partIII-subpartG-chap84-subchapIII-sec8438,USCODE-2024-title5,https://api.govinfo.gov/packages/USCODE-2024-title5/granules/USCODE-2024-title5-partIII-subpartG-chap84-subchapIII-sec8438/htm,https://uscode.house.gov/view.xhtml?req=granuleid:USCODE-2024-title5-partIII-subpartG-chap84-subchapIII-sec8438,downloads/raw/govinfo-fulltext/USCODE-2024-title5-partIII-subpartG-chap84-subchapIII-sec8438.htm,2026-09-11,,false
42,42 U.S.C. § 1485,§1485. Housing and related facilities for elderly persons and families or other persons and families of low income,"CHAPTER 8A-SLUM CLEARANCE, URBAN RENEWAL, AND FARM HOUSING",TITLE 42-THE PUBLIC HEALTH AND WELFARE,"CHAPTER 8A-SLUM CLEARANCE, URBAN RENEWAL, AND FARM HOUSING",binding,binding,primary-generally-accepted-accounting-principles,USCODE-2024-title42-chap8A-subchapIII-sec1485,USCODE-2024-title42,https://api.govinfo.gov/packages/USCODE-2024-title42/granules/USCODE-2024-title42-chap8A-subchapIII-sec1485/htm,https://uscode.house.gov/view.xhtml?req=granuleid:USCODE-2024-title42-chap8A-subchapIII-sec1485,downloads/raw/govinfo-fulltext/USCODE-2024-title42-chap8A-subchapIII-sec1485.htm,2026-09-11,,false
42,42 U.S.C. § 1395x,§1395x. Definitions,CHAPTER 7-SOCIAL SECURITY,TITLE 42-THE PUBLIC HEALTH AND WELFARE,CHAPTER 7-SOCIAL SECURITY,binding,binding,primary-generally-accepted-accounting-principles,USCODE-2024-title42-chap7-subchapXVIII-partE-sec1395x,USCODE-2024-title42,https://api.govinfo.gov/packages/USCODE-2024-title42/granules/USCODE-2024-title42-chap7-subchapXVIII-partE-sec1395x/htm,https://uscode.house.gov/view.xhtml?req=granuleid:USCODE-2024-title42-chap7-subchapXVIII-partE-sec1395x,downloads/raw/govinfo-fulltext/USCODE-2024-title42-chap7-subchapXVIII-partE-sec1395x.htm,2026-09-11,,false
42,42 U.S.C. § 1395x,§1395x. Definitions,CHAPTER 7-SOCIAL SECURITY,TITLE 42-THE PUBLIC HEALTH AND WELFARE,CHAPTER 7-SOCIAL SECURITY,permissive,binding,primary-generally-accepted-accounting-principles,USCODE-2024-title42-chap7-subchapXVIII-partE-sec1395x,USCODE-2024-title42,https://api.govinfo.gov/packages/USCODE-2024-title42/granules/USCODE-2024-title42-chap7-subchapXVIII-partE-sec1395x/htm,https://uscode.house.gov/view.xhtml?req=granuleid:USCODE-2024-title42-chap7-subchapXVIII-partE-sec1395x,downloads/raw/govinfo-fulltext/USCODE-2024-title42-chap7-subchapXVIII-partE-sec1395x.htm,2026-09-11,,false
42,42 U.S.C. § 1320a-1,§1320a–1. Limitation on use of Federal funds for capital expenditures,CHAPTER 7-SOCIAL SECURITY,TITLE 42-THE PUBLIC HEALTH AND WELFARE,CHAPTER 7-SOCIAL SECURITY,permissive,permissive,primary-generally-accepted-accounting-principles,USCODE-2024-title42-chap7-subchapXI-partA-sec1320a-1,USCODE-2024-title42,https://api.govinfo.gov/packages/USCODE-2024-title42/granules/USCODE-2024-title42-chap7-subchapXI-partA-sec1320a-1/htm,https://uscode.house.gov/view.xhtml?req=granuleid:USCODE-2024-title42-chap7-subchapXI-partA-sec1320a-1,downloads/raw/govinfo-fulltext/USCODE-2024-title42-chap7-subchapXI-partA-sec1320a-1.htm,2026-09-11,,false
42,42 U.S.C. § 612,§612. Direct funding and administration by Indian tribes,CHAPTER 7-SOCIAL SECURITY,TITLE 42-THE PUBLIC HEALTH AND WELFARE,CHAPTER 7-SOCIAL SECURITY,binding,binding,primary-generally-accepted-accounting-principles,USCODE-2024-title42-chap7-subchapIV-partA-sec612,USCODE-2024-title42,https://api.govinfo.gov/packages/USCODE-2024-title42/granules/USCODE-2024-title42-chap7-subchapIV-partA-sec612/htm,https://uscode.house.gov/view.xhtml?req=granuleid:USCODE-2024-title42-chap7-subchapIV-partA-sec612,downloads/raw/govinfo-fulltext/USCODE-2024-title42-chap7-subchapIV-partA-sec612.htm,2026-09-11,,false
42,42 U.S.C. § 300ee-15,§300ee–15. Requirement of reports and audits by States,CHAPTER 6A-PUBLIC HEALTH SERVICE,TITLE 42-THE PUBLIC HEALTH AND WELFARE,CHAPTER 6A-PUBLIC HEALTH SERVICE,permissive,permissive,primary-generally-accepted-accounting-principles,USCODE-2024-title42-chap6A-subchapXXIII-partA-sec300ee-15,USCODE-2024-title42,https://api.govinfo.gov/packages/USCODE-2024-title42/granules/USCODE-2024-title42-chap6A-subchapXXIII-partA-sec300ee-15/htm,https://uscode.house.gov/view.xhtml?req=granuleid:USCODE-2024-title42-chap6A-subchapXXIII-partA-sec300ee-15,downloads/raw/govinfo-fulltext/USCODE-2024-title42-chap6A-subchapXXIII-partA-sec300ee-15.htm,2026-09-11,,false
42,42 U.S.C. § 300x-65,§300x–65. Services provided by nongovernmental organizations,CHAPTER 6A-PUBLIC HEALTH SERVICE,TITLE 42-THE PUBLIC HEALTH AND WELFARE,CHAPTER 6A-PUBLIC HEALTH SERVICE,binding,binding,primary-generally-accepted-accounting-principles,USCODE-2024-title42-chap6A-subchapXVII-partB-subpartiii-sec300x-65,USCODE-2024-title42,https://api.govinfo.gov/packages/USCODE-2024-title42/granules/USCODE-2024-title42-chap6A-subchapXVII-partB-subpartiii-sec300x-65/htm,https://uscode.house.gov/view.xhtml?req=granuleid:USCODE-2024-title42-chap6A-subchapXVII-partB-subpartiii-sec300x-65,downloads/raw/govinfo-fulltext/USCODE-2024-title42-chap6A-subchapXVII-partB-subpartiii-sec300x-65.htm,2026-09-11,,false
42,42 U.S.C. § 254b,§254b. Health centers,CHAPTER 6A-PUBLIC HEALTH SERVICE,TITLE 42-THE PUBLIC HEALTH AND WELFARE,CHAPTER 6A-PUBLIC HEALTH SERVICE,binding,binding,primary-generally-accepted-accounting-principles,USCODE-2024-title42-chap6A-subchapII-partD-subparti-sec254b,USCODE-2024-title42,https://api.govinfo.gov/packages/USCODE-2024-title42/granules/USCODE-2024-title42-chap6A-subchapII-partD-subparti-sec254b/htm,https://uscode.house.gov/view.xhtml?req=granuleid:USCODE-2024-title42-chap6A-subchapII-partD-subparti-sec254b,downloads/raw/govinfo-fulltext/USCODE-2024-title42-chap6A-subchapII-partD-subparti-sec254b.htm,2026-09-11,,false
31,31 U.S.C. § 7502,§7502. Audit requirements; exemptions,SUBTITLE V-GENERAL ASSISTANCE ADMINISTRATION,TITLE 31-MONEY AND FINANCE,SUBTITLE V-GENERAL ASSISTANCE ADMINISTRATION,binding,binding,primary-generally-accepted-accounting-principles,USCODE-2024-title31-subtitleV-chap75-sec7502,USCODE-2024-title31,https://api.govinfo.gov/packages/USCODE-2024-title31/granules/USCODE-2024-title31-subtitleV-chap75-sec7502/htm,https://uscode.house.gov/view.xhtml?req=granuleid:USCODE-2024-title31-subtitleV-chap75-sec7502,downloads/raw/govinfo-fulltext/USCODE-2024-title31-subtitleV-chap75-sec7502.htm,2026-09-11,,false
31,31 U.S.C. § 5134,§5134. Numismatic Public Enterprise Fund,SUBTITLE IV-MONEY,TITLE 31-MONEY AND FINANCE,SUBTITLE IV-MONEY,binding,binding,primary-generally-accepted-accounting-principles,USCODE-2024-title31-subtitleIV-chap51-subchapIII-sec5134,USCODE-2024-title31,https://api.govinfo.gov/packages/USCODE-2024-title31/granules/USCODE-2024-title31-subtitleIV-chap51-subchapIII-sec5134/htm,https://uscode.house.gov/view.xhtml?req=granuleid:USCODE-2024-title31-subtitleIV-chap51-subchapIII-sec5134,downloads/raw/govinfo-fulltext/USCODE-2024-title31-subtitleIV-chap51-subchapIII-sec5134.htm,2026-09-11,,false
29,29 U.S.C. § 3245,§3245. Reports; recordkeeping; investigations,CHAPTER 32-WORKFORCE INNOVATION AND OPPORTUNITY,TITLE 29-LABOR,CHAPTER 32-WORKFORCE INNOVATION AND OPPORTUNITY,binding,binding,primary-generally-accepted-accounting-principles,USCODE-2024-title29-chap32-subchapI-partE-sec3245,USCODE-2024-title29,https://api.govinfo.gov/packages/USCODE-2024-title29/granules/USCODE-2024-title29-chap32-subchapI-partE-sec3245/htm,https://uscode.house.gov/view.xhtml?req=granuleid:USCODE-2024-title29-chap32-subchapI-partE-sec3245,downloads/raw/govinfo-fulltext/USCODE-2024-title29-chap32-subchapI-partE-sec3245.htm,2026-09-11,,false
29,29 U.S.C. § 3244,§3244. Fiscal controls; sanctions,CHAPTER 32-WORKFORCE INNOVATION AND OPPORTUNITY,TITLE 29-LABOR,CHAPTER 32-WORKFORCE INNOVATION AND OPPORTUNITY,binding,binding,primary-generally-accepted-accounting-principles,USCODE-2024-title29-chap32-subchapI-partE-sec3244,USCODE-2024-title29,https://api.govinfo.gov/packages/USCODE-2024-title29/granules/USCODE-2024-title29-chap32-subchapI-partE-sec3244/htm,https://uscode.house.gov/view.xhtml?req=granuleid:USCODE-2024-title29-chap32-subchapI-partE-sec3244,downloads/raw/govinfo-fulltext/USCODE-2024-title29-chap32-subchapI-partE-sec3244.htm,2026-09-11,,false
29,29 U.S.C. § 1362,§1362. Liability for termination of single-employer plans under a distress termination or a termination by corporation,CHAPTER 18-EMPLOYEE RETIREMENT INCOME SECURITY PROGRAM,TITLE 29-LABOR,CHAPTER 18-EMPLOYEE RETIREMENT INCOME SECURITY PROGRAM,binding,binding,primary-generally-accepted-accounting-principles,USCODE-2024-title29-chap18-subchapIII-subtitleD-sec1362,USCODE-2024-title29,https://api.govinfo.gov/packages/USCODE-2024-title29/granules/USCODE-2024-title29-chap18-subchapIII-subtitleD-sec1362/htm,https://uscode.house.gov/view.xhtml?req=granuleid:USCODE-2024-title29-chap18-subchapIII-subtitleD-sec1362,downloads/raw/govinfo-fulltext/USCODE-2024-title29-chap18-subchapIII-subtitleD-sec1362.htm,2026-09-11,,false
29,29 U.S.C. § 1023,§1023. Annual reports,CHAPTER 18-EMPLOYEE RETIREMENT INCOME SECURITY PROGRAM,TITLE 29-LABOR,CHAPTER 18-EMPLOYEE RETIREMENT INCOME SECURITY PROGRAM,binding,binding,primary-generally-accepted-accounting-principles,USCODE-2024-title29-chap18-subchapI-subtitleB-part1-sec1023,USCODE-2024-title29,https://api.govinfo.gov/packages/USCODE-2024-title29/granules/USCODE-2024-title29-chap18-subchapI-subtitleB-part1-sec1023/htm,https://uscode.house.gov/view.xhtml?req=granuleid:USCODE-2024-title29-chap18-subchapI-subtitleB-part1-sec1023,downloads/raw/govinfo-fulltext/USCODE-2024-title29-chap18-subchapI-subtitleB-part1-sec1023.htm,2026-09-11,,false
28,28 U.S.C. § 529,§529. Annual report of Attorney General,PART II-DEPARTMENT OF JUSTICE,TITLE 28-JUDICIARY AND JUDICIAL PROCEDURE,PART II-DEPARTMENT OF JUSTICE,binding,binding,primary-generally-accepted-accounting-principles,USCODE-2024-title28-partII-chap31-sec529,USCODE-2024-title28,https://api.govinfo.gov/packages/USCODE-2024-title28/granules/USCODE-2024-title28-partII-chap31-sec529/htm,https://uscode.house.gov/view.xhtml?req=granuleid:USCODE-2024-title28-partII-chap31-sec529,downloads/raw/govinfo-fulltext/USCODE-2024-title28-partII-chap31-sec529.htm,2026-09-11,,false
25,25 U.S.C. § 3413,§3413. Administration of funds,"CHAPTER 36-INDIAN EMPLOYMENT, TRAINING AND RELATED SERVICES",TITLE 25-INDIANS,"CHAPTER 36-INDIAN EMPLOYMENT, TRAINING AND RELATED SERVICES",binding,binding,primary-generally-accepted-accounting-principles,USCODE-2024-title25-chap36-sec3413,USCODE-2024-title25,https://api.govinfo.gov/packages/USCODE-2024-title25/granules/USCODE-2024-title25-chap36-sec3413/htm,https://uscode.house.gov/view.xhtml?req=granuleid:USCODE-2024-title25-chap36-sec3413,downloads/raw/govinfo-fulltext/USCODE-2024-title25-chap36-sec3413.htm,2026-09-11,,false
25,25 U.S.C. § 3304,§3304. Qualification for grants to tribes,CHAPTER 35-INDIAN HIGHER EDUCATION PROGRAMS,TITLE 25-INDIANS,CHAPTER 35-INDIAN HIGHER EDUCATION PROGRAMS,permissive,permissive,primary-generally-accepted-accounting-principles,USCODE-2024-title25-chap35-subchapI-sec3304,USCODE-2024-title25,https://api.govinfo.gov/packages/USCODE-2024-title25/granules/USCODE-2024-title25-chap35-subchapI-sec3304/htm,https://uscode.house.gov/view.xhtml?req=granuleid:USCODE-2024-title25-chap35-subchapI-sec3304,downloads/raw/govinfo-fulltext/USCODE-2024-title25-chap35-subchapI-sec3304.htm,2026-09-11,,false
24,24 U.S.C. § 225b,§225b. Development of plan for mental health system for the District,CHAPTER 4-SAINT ELIZABETHS HOSPITAL,TITLE 24-HOSPITALS AND ASYLUMS,CHAPTER 4-SAINT ELIZABETHS HOSPITAL,binding,binding,primary-generally-accepted-accounting-principles,USCODE-2024-title24-chap4-subchapIII-sec225b,USCODE-2024-title24,https://api.govinfo.gov/packages/USCODE-2024-title24/granules/USCODE-2024-title24-chap4-subchapIII-sec225b/htm,https://uscode.house.gov/view.xhtml?req=granuleid:USCODE-2024-title24-chap4-subchapIII-sec225b,downloads/raw/govinfo-fulltext/USCODE-2024-title24-chap4-subchapIII-sec225b.htm,2026-09-11,,false
22,22 U.S.C. § 3751,§3751. Payments to Republic of Panama,CHAPTER 51-PANAMA CANAL,TITLE 22-FOREIGN RELATIONS AND INTERCOURSE,CHAPTER 51-PANAMA CANAL,permissive,permissive,primary-generally-accepted-accounting-principles,USCODE-2024-title22-chap51-subchapI-part3-subpartv-sec3751,USCODE-2024-title22,https://api.govinfo.gov/packages/USCODE-2024-title22/granules/USCODE-2024-title22-chap51-subchapI-part3-subpartv-sec3751/htm,https://uscode.house.gov/view.xhtml?req=granuleid:USCODE-2024-title22-chap51-subchapI-part3-subpartv-sec3751,downloads/raw/govinfo-fulltext/USCODE-2024-title22-chap51-subchapI-part3-subpartv-sec3751.htm,2026-09-11,,false
22,22 U.S.C. § 2421,§2421. Trade and Development Agency,CHAPTER 32-FOREIGN ASSISTANCE,TITLE 22-FOREIGN RELATIONS AND INTERCOURSE,CHAPTER 32-FOREIGN ASSISTANCE,binding,binding,primary-generally-accepted-accounting-principles,USCODE-2024-title22-chap32-subchapIII-partIII-sec2421,USCODE-2024-title22,https://api.govinfo.gov/packages/USCODE-2024-title22/granules/USCODE-2024-title22-chap32-subchapIII-partIII-sec2421/htm,https://uscode.house.gov/view.xhtml?req=granuleid:USCODE-2024-title22-chap32-subchapIII-partIII-sec2421,downloads/raw/govinfo-fulltext/USCODE-2024-title22-chap32-subchapIII-partIII-sec2421.htm,2026-09-11,,false
20,20 U.S.C. § 7713,§7713. Definitions,CHAPTER 70-STRENGTHENING AND IMPROVEMENT OF ELEMENTARY AND SECONDARY SCHOOLS,TITLE 20-EDUCATION,CHAPTER 70-STRENGTHENING AND IMPROVEMENT OF ELEMENTARY AND SECONDARY SCHOOLS,binding,binding,primary-generally-accepted-accounting-principles,USCODE-2024-title20-chap70-subchapVII-sec7713,USCODE-2024-title20,https://api.govinfo.gov/packages/USCODE-2024-title20/granules/USCODE-2024-title20-chap70-subchapVII-sec7713/htm,https://uscode.house.gov/view.xhtml?req=granuleid:USCODE-2024-title20-chap70-subchapVII-sec7713,downloads/raw/govinfo-fulltext/USCODE-2024-title20-chap70-subchapVII-sec7713.htm,2026-09-11,,false
20,20 U.S.C. § 7221c,§7221c. Facilities financing assistance,CHAPTER 70-STRENGTHENING AND IMPROVEMENT OF ELEMENTARY AND SECONDARY SCHOOLS,TITLE 20-EDUCATION,CHAPTER 70-STRENGTHENING AND IMPROVEMENT OF ELEMENTARY AND SECONDARY SCHOOLS,binding,binding,primary-generally-accepted-accounting-principles,USCODE-2024-title20-chap70-subchapIV-partC-sec7221c,USCODE-2024-title20,https://api.govinfo.gov/packages/USCODE-2024-title20/granules/USCODE-2024-title20-chap70-subchapIV-partC-sec7221c/htm,https://uscode.house.gov/view.xhtml?req=granuleid:USCODE-2024-title20-chap70-subchapIV-partC-sec7221c,downloads/raw/govinfo-fulltext/USCODE-2024-title20-chap70-subchapIV-partC-sec7221c.htm,2026-09-11,,false
20,20 U.S.C. § 7221b,§7221b. Grants to support high-quality charter schools,CHAPTER 70-STRENGTHENING AND IMPROVEMENT OF ELEMENTARY AND SECONDARY SCHOOLS,TITLE 20-EDUCATION,CHAPTER 70-STRENGTHENING AND IMPROVEMENT OF ELEMENTARY AND SECONDARY SCHOOLS,binding,binding,primary-generally-accepted-accounting-principles,USCODE-2024-title20-chap70-subchapIV-partC-sec7221b,USCODE-2024-title20,https://api.govinfo.gov/packages/USCODE-2024-title20/granules/USCODE-2024-title20-chap70-subchapIV-partC-sec7221b/htm,https://uscode.house.gov/view.xhtml?req=granuleid:USCODE-2024-title20-chap70-subchapIV-partC-sec7221b,downloads/raw/govinfo-fulltext/USCODE-2024-title20-chap70-subchapIV-partC-sec7221b.htm,2026-09-11,,false
20,20 U.S.C. § 1099c,§1099c. Eligibility and certification procedures,CHAPTER 28-HIGHER EDUCATION RESOURCES AND STUDENT ASSISTANCE,TITLE 20-EDUCATION,CHAPTER 28-HIGHER EDUCATION RESOURCES AND STUDENT ASSISTANCE,binding,binding,primary-generally-accepted-accounting-principles,USCODE-2024-title20-chap28-subchapIV-partH-subpart3-sec1099c,USCODE-2024-title20,https://api.govinfo.gov/packages/USCODE-2024-title20/granules/USCODE-2024-title20-chap28-subchapIV-partH-subpart3-sec1099c/htm,https://uscode.house.gov/view.xhtml?req=granuleid:USCODE-2024-title20-chap28-subchapIV-partH-subpart3-sec1099c,downloads/raw/govinfo-fulltext/USCODE-2024-title20-chap28-subchapIV-partH-subpart3-sec1099c.htm,2026-09-11,,false
20,20 U.S.C. § 1094,§1094. Program participation agreements,CHAPTER 28-HIGHER EDUCATION RESOURCES AND STUDENT ASSISTANCE,TITLE 20-EDUCATION,CHAPTER 28-HIGHER EDUCATION RESOURCES AND STUDENT ASSISTANCE,binding,binding,primary-generally-accepted-accounting-principles,USCODE-2024-title20-chap28-subchapIV-partG-sec1094,USCODE-2024-title20,https://api.govinfo.gov/packages/USCODE-2024-title20/granules/USCODE-2024-title20-chap28-subchapIV-partG-sec1094/htm,https://uscode.house.gov/view.xhtml?req=granuleid:USCODE-2024-title20-chap28-subchapIV-partG-sec1094,downloads/raw/govinfo-fulltext/USCODE-2024-title20-chap28-subchapIV-partG-sec1094.htm,2026-09-11,,false
17,17 U.S.C. § 115,§115. Scope of exclusive rights in nondramatic musical works: Compulsory license for making and distributing phonorecords,CHAPTER 1-SUBJECT MATTER AND SCOPE OF COPYRIGHT,TITLE 17-COPYRIGHTS,CHAPTER 1-SUBJECT MATTER AND SCOPE OF COPYRIGHT,binding,binding,primary-generally-accepted-accounting-principles,USCODE-2024-title17-chap1-sec115,USCODE-2024-title17,https://api.govinfo.gov/packages/USCODE-2024-title17/granules/USCODE-2024-title17-chap1-sec115/htm,https://uscode.house.gov/view.xhtml?req=granuleid:USCODE-2024-title17-chap1-sec115,downloads/raw/govinfo-fulltext/USCODE-2024-title17-chap1-sec115.htm,2026-09-11,,false
16,16 U.S.C. § 669h,§669h. Requirements and restrictions concerning use of amounts for expenses for administration,CHAPTER 5B-WILDLIFE RESTORATION,TITLE 16-CONSERVATION,CHAPTER 5B-WILDLIFE RESTORATION,binding,binding,primary-generally-accepted-accounting-principles,USCODE-2024-title16-chap5B-sec669h,USCODE-2024-title16,https://api.govinfo.gov/packages/USCODE-2024-title16/granules/USCODE-2024-title16-chap5B-sec669h/htm,https://uscode.house.gov/view.xhtml?req=granuleid:USCODE-2024-title16-chap5B-sec669h,downloads/raw/govinfo-fulltext/USCODE-2024-title16-chap5B-sec669h.htm,2026-09-11,,false
16,16 U.S.C. § 777h,§777h. Requirements and restrictions concerning use of amounts for expenses for administration,CHAPTER 10B-FISH RESTORATION AND MANAGEMENT PROJECTS,TITLE 16-CONSERVATION,CHAPTER 10B-FISH RESTORATION AND MANAGEMENT PROJECTS,binding,binding,primary-generally-accepted-accounting-principles,USCODE-2024-title16-chap10B-sec777h,USCODE-2024-title16,https://api.govinfo.gov/packages/USCODE-2024-title16/granules/USCODE-2024-title16-chap10B-sec777h/htm,https://uscode.house.gov/view.xhtml?req=granuleid:USCODE-2024-title16-chap10B-sec777h,downloads/raw/govinfo-fulltext/USCODE-2024-title16-chap10B-sec777h.htm,2026-09-11,,false
15,15 U.S.C. § 7265,§7265. Disclosure of audit committee financial expert,CHAPTER 98-PUBLIC COMPANY ACCOUNTING REFORM AND CORPORATE RESPONSIBILITY,TITLE 15-COMMERCE AND TRADE,CHAPTER 98-PUBLIC COMPANY ACCOUNTING REFORM AND CORPORATE RESPONSIBILITY,binding,binding,primary-generally-accepted-accounting-principles,USCODE-2024-title15-chap98-subchapIV-sec7265,USCODE-2024-title15,https://api.govinfo.gov/packages/USCODE-2024-title15/granules/USCODE-2024-title15-chap98-subchapIV-sec7265/htm,https://uscode.house.gov/view.xhtml?req=granuleid:USCODE-2024-title15-chap98-subchapIV-sec7265,downloads/raw/govinfo-fulltext/USCODE-2024-title15-chap98-subchapIV-sec7265.htm,2026-09-11,,false
15,15 U.S.C. § 7261,§7261. Disclosures in periodic reports,CHAPTER 98-PUBLIC COMPANY ACCOUNTING REFORM AND CORPORATE RESPONSIBILITY,TITLE 15-COMMERCE AND TRADE,CHAPTER 98-PUBLIC COMPANY ACCOUNTING REFORM AND CORPORATE RESPONSIBILITY,binding,binding,primary-generally-accepted-accounting-principles,USCODE-2024-title15-chap98-subchapIV-sec7261,USCODE-2024-title15,https://api.govinfo.gov/packages/USCODE-2024-title15/granules/USCODE-2024-title15-chap98-subchapIV-sec7261/htm,https://uscode.house.gov/view.xhtml?req=granuleid:USCODE-2024-title15-chap98-subchapIV-sec7261,downloads/raw/govinfo-fulltext/USCODE-2024-title15-chap98-subchapIV-sec7261.htm,2026-09-11,,false
15,15 U.S.C. § 7261,§7261. Disclosures in periodic reports,CHAPTER 98-PUBLIC COMPANY ACCOUNTING REFORM AND CORPORATE RESPONSIBILITY,TITLE 15-COMMERCE AND TRADE,CHAPTER 98-PUBLIC COMPANY ACCOUNTING REFORM AND CORPORATE RESPONSIBILITY,other,binding,primary-generally-accepted-accounting-principles,USCODE-2024-title15-chap98-subchapIV-sec7261,USCODE-2024-title15,https://api.govinfo.gov/packages/USCODE-2024-title15/granules/USCODE-2024-title15-chap98-subchapIV-sec7261/htm,https://uscode.house.gov/view.xhtml?req=granuleid:USCODE-2024-title15-chap98-subchapIV-sec7261,downloads/raw/govinfo-fulltext/USCODE-2024-title15-chap98-subchapIV-sec7261.htm,2026-09-11,,false
15,15 U.S.C. § 7261,§7261. Disclosures in periodic reports,CHAPTER 98-PUBLIC COMPANY ACCOUNTING REFORM AND CORPORATE RESPONSIBILITY,TITLE 15-COMMERCE AND TRADE,CHAPTER 98-PUBLIC COMPANY ACCOUNTING REFORM AND CORPORATE RESPONSIBILITY,binding,binding,primary-generally-accepted-accounting-principles,USCODE-2024-title15-chap98-subchapIV-sec7261,USCODE-2024-title15,https://api.govinfo.gov/packages/USCODE-2024-title15/granules/USCODE-2024-title15-chap98-subchapIV-sec7261/htm,https://uscode.house.gov/view.xhtml?req=granuleid:USCODE-2024-title15-chap98-subchapIV-sec7261,downloads/raw/govinfo-fulltext/USCODE-2024-title15-chap98-subchapIV-sec7261.htm,2026-09-11,,false
15,15 U.S.C. § 7213,"§7213. Auditing, quality control, and independence standards and rules",CHAPTER 98-PUBLIC COMPANY ACCOUNTING REFORM AND CORPORATE RESPONSIBILITY,TITLE 15-COMMERCE AND TRADE,CHAPTER 98-PUBLIC COMPANY ACCOUNTING REFORM AND CORPORATE RESPONSIBILITY,binding,binding,primary-generally-accepted-accounting-principles,USCODE-2024-title15-chap98-subchapI-sec7213,USCODE-2024-title15,https://api.govinfo.gov/packages/USCODE-2024-title15/granules/USCODE-2024-title15-chap98-subchapI-sec7213/htm,https://uscode.house.gov/view.xhtml?req=granuleid:USCODE-2024-title15-chap98-subchapI-sec7213,downloads/raw/govinfo-fulltext/USCODE-2024-title15-chap98-subchapI-sec7213.htm,2026-09-11,,false
15,15 U.S.C. § 3710,§3710. Utilization of Federal technology,CHAPTER 63-TECHNOLOGY INNOVATION,TITLE 15-COMMERCE AND TRADE,CHAPTER 63-TECHNOLOGY INNOVATION,binding,binding,primary-generally-accepted-accounting-principles,USCODE-2024-title15-chap63-sec3710,USCODE-2024-title15,https://api.govinfo.gov/packages/USCODE-2024-title15/granules/USCODE-2024-title15-chap63-sec3710/htm,https://uscode.house.gov/view.xhtml?req=granuleid:USCODE-2024-title15-chap63-sec3710,downloads/raw/govinfo-fulltext/USCODE-2024-title15-chap63-sec3710.htm,2026-09-11,,false
15,15 U.S.C. § 3704b,§3704b. National Technical Information Service,CHAPTER 63-TECHNOLOGY INNOVATION,TITLE 15-COMMERCE AND TRADE,CHAPTER 63-TECHNOLOGY INNOVATION,binding,binding,primary-generally-accepted-accounting-principles,USCODE-2024-title15-chap63-sec3704b,USCODE-2024-title15,https://api.govinfo.gov/packages/USCODE-2024-title15/granules/USCODE-2024-title15-chap63-sec3704b/htm,https://uscode.house.gov/view.xhtml?req=granuleid:USCODE-2024-title15-chap63-sec3704b,downloads/raw/govinfo-fulltext/USCODE-2024-title15-chap63-sec3704b.htm,2026-09-11,,false
15,15 U.S.C. § 78u-5,§78u–5. Application of safe harbor for forward-looking statements,CHAPTER 2B-SECURITIES EXCHANGES,TITLE 15-COMMERCE AND TRADE,CHAPTER 2B-SECURITIES EXCHANGES,binding,binding,primary-generally-accepted-accounting-principles,USCODE-2024-title15-chap2B-sec78u-5,USCODE-2024-title15,https://api.govinfo.gov/packages/USCODE-2024-title15/granules/USCODE-2024-title15-chap2B-sec78u-5/htm,https://uscode.house.gov/view.xhtml?req=granuleid:USCODE-2024-title15-chap2B-sec78u-5,downloads/raw/govinfo-fulltext/USCODE-2024-title15-chap2B-sec78u-5.htm,2026-09-11,,false
15,15 U.S.C. § 78m,§78m. Periodical and other reports,CHAPTER 2B-SECURITIES EXCHANGES,TITLE 15-COMMERCE AND TRADE,CHAPTER 2B-SECURITIES EXCHANGES,other,binding,primary-generally-accepted-accounting-principles,USCODE-2024-title15-chap2B-sec78m,USCODE-2024-title15,https://api.govinfo.gov/packages/USCODE-2024-title15/granules/USCODE-2024-title15-chap2B-sec78m/htm,https://uscode.house.gov/view.xhtml?req=granuleid:USCODE-2024-title15-chap2B-sec78m,downloads/raw/govinfo-fulltext/USCODE-2024-title15-chap2B-sec78m.htm,2026-09-11,,false
15,15 U.S.C. § 78m,§78m. Periodical and other reports,CHAPTER 2B-SECURITIES EXCHANGES,TITLE 15-COMMERCE AND TRADE,CHAPTER 2B-SECURITIES EXCHANGES,binding,binding,primary-generally-accepted-accounting-principles,USCODE-2024-title15-chap2B-sec78m,USCODE-2024-title15,https://api.govinfo.gov/packages/USCODE-2024-title15/granules/USCODE-2024-title15-chap2B-sec78m/htm,https://uscode.house.gov/view.xhtml?req=granuleid:USCODE-2024-title15-chap2B-sec78m,downloads/raw/govinfo-fulltext/USCODE-2024-title15-chap2B-sec78m.htm,2026-09-11,,false
15,15 U.S.C. § 78j-1,§78j–1. Audit requirements,CHAPTER 2B-SECURITIES EXCHANGES,TITLE 15-COMMERCE AND TRADE,CHAPTER 2B-SECURITIES EXCHANGES,other,other,primary-generally-accepted-accounting-principles,USCODE-2024-title15-chap2B-sec78j-1,USCODE-2024-title15,https://api.govinfo.gov/packages/USCODE-2024-title15/granules/USCODE-2024-title15-chap2B-sec78j-1/htm,https://uscode.house.gov/view.xhtml?req=granuleid:USCODE-2024-title15-chap2B-sec78j-1,downloads/raw/govinfo-fulltext/USCODE-2024-title15-chap2B-sec78j-1.htm,2026-09-11,,false
15,15 U.S.C. § 77z-2,§77z–2. Application of safe harbor for forward-looking statements,CHAPTER 2A-SECURITIES AND TRUST INDENTURES,TITLE 15-COMMERCE AND TRADE,CHAPTER 2A-SECURITIES AND TRUST INDENTURES,binding,binding,primary-generally-accepted-accounting-principles,USCODE-2024-title15-chap2A-subchapI-sec77z-2,USCODE-2024-title15,https://api.govinfo.gov/packages/USCODE-2024-title15/granules/USCODE-2024-title15-chap2A-subchapI-sec77z-2/htm,https://uscode.house.gov/view.xhtml?req=granuleid:USCODE-2024-title15-chap2A-subchapI-sec77z-2,downloads/raw/govinfo-fulltext/USCODE-2024-title15-chap2A-subchapI-sec77z-2.htm,2026-09-11,,false
15,15 U.S.C. § 77s,§77s. Special powers of Commission,CHAPTER 2A-SECURITIES AND TRUST INDENTURES,TITLE 15-COMMERCE AND TRADE,CHAPTER 2A-SECURITIES AND TRUST INDENTURES,binding,binding,primary-generally-accepted-accounting-principles,USCODE-2024-title15-chap2A-subchapI-sec77s,USCODE-2024-title15,https://api.govinfo.gov/packages/USCODE-2024-title15/granules/USCODE-2024-title15-chap2A-subchapI-sec77s/htm,https://uscode.house.gov/view.xhtml?req=granuleid:USCODE-2024-title15-chap2A-subchapI-sec77s,downloads/raw/govinfo-fulltext/USCODE-2024-title15-chap2A-subchapI-sec77s.htm,2026-09-11,,false
15,15 U.S.C. § 77s,§77s. Special powers of Commission,CHAPTER 2A-SECURITIES AND TRUST INDENTURES,TITLE 15-COMMERCE AND TRADE,CHAPTER 2A-SECURITIES AND TRUST INDENTURES,binding,binding,primary-generally-accepted-accounting-principles,USCODE-2024-title15-chap2A-subchapI-sec77s,USCODE-2024-title15,https://api.govinfo.gov/packages/USCODE-2024-title15/granules/USCODE-2024-title15-chap2A-subchapI-sec77s/htm,https://uscode.house.gov/view.xhtml?req=granuleid:USCODE-2024-title15-chap2A-subchapI-sec77s,downloads/raw/govinfo-fulltext/USCODE-2024-title15-chap2A-subchapI-sec77s.htm,2026-09-11,,false
15,15 U.S.C. § 77d,§77d. Exempted transactions,CHAPTER 2A-SECURITIES AND TRUST INDENTURES,TITLE 15-COMMERCE AND TRADE,CHAPTER 2A-SECURITIES AND TRUST INDENTURES,binding,binding,primary-generally-accepted-accounting-principles,USCODE-2024-title15-chap2A-subchapI-sec77d,USCODE-2024-title15,https://api.govinfo.gov/packages/USCODE-2024-title15/granules/USCODE-2024-title15-chap2A-subchapI-sec77d/htm,https://uscode.house.gov/view.xhtml?req=granuleid:USCODE-2024-title15-chap2A-subchapI-sec77d,downloads/raw/govinfo-fulltext/USCODE-2024-title15-chap2A-subchapI-sec77d.htm,2026-09-11,,false
15,15 U.S.C. § 9051,§9051. Temporary relief from troubled debt restructurings,CHAPTER 116-CORONAVIRUS ECONOMIC STABILIZATION (CARES ACT),TITLE 15-COMMERCE AND TRADE,CHAPTER 116-CORONAVIRUS ECONOMIC STABILIZATION (CARES ACT),permissive,permissive,primary-generally-accepted-accounting-principles,USCODE-2024-title15-chap116-subchapIII-partA-sec9051,USCODE-2024-title15,https://api.govinfo.gov/packages/USCODE-2024-title15/granules/USCODE-2024-title15-chap116-subchapIII-partA-sec9051/htm,https://uscode.house.gov/view.xhtml?req=granuleid:USCODE-2024-title15-chap116-subchapIII-partA-sec9051,downloads/raw/govinfo-fulltext/USCODE-2024-title15-chap116-subchapIII-partA-sec9051.htm,2026-09-11,,false
12,12 U.S.C. § 5371,§5371. Leverage and risk-based capital requirements,CHAPTER 53-WALL STREET REFORM AND CONSUMER PROTECTION,TITLE 12-BANKS AND BANKING,CHAPTER 53-WALL STREET REFORM AND CONSUMER PROTECTION,binding,binding,primary-generally-accepted-accounting-principles,USCODE-2024-title12-chap53-subchapI-partC-sec5371,USCODE-2024-title12,https://api.govinfo.gov/packages/USCODE-2024-title12/granules/USCODE-2024-title12-chap53-subchapI-partC-sec5371/htm,https://uscode.house.gov/view.xhtml?req=granuleid:USCODE-2024-title12-chap53-subchapI-partC-sec5371,downloads/raw/govinfo-fulltext/USCODE-2024-title12-chap53-subchapI-partC-sec5371.htm,2026-09-11,,false
12,12 U.S.C. § 5226,§5226. Oversight and audits,CHAPTER 52-EMERGENCY ECONOMIC STABILIZATION,TITLE 12-BANKS AND BANKING,CHAPTER 52-EMERGENCY ECONOMIC STABILIZATION,binding,binding,primary-generally-accepted-accounting-principles,USCODE-2024-title12-chap52-subchapI-sec5226,USCODE-2024-title12,https://api.govinfo.gov/packages/USCODE-2024-title12/granules/USCODE-2024-title12-chap52-subchapI-sec5226/htm,https://uscode.house.gov/view.xhtml?req=granuleid:USCODE-2024-title12-chap52-subchapI-sec5226,downloads/raw/govinfo-fulltext/USCODE-2024-title12-chap52-subchapI-sec5226.htm,2026-09-11,,false
12,12 U.S.C. § 4613,§4613. Critical capital levels,CHAPTER 46-GOVERNMENT SPONSORED ENTERPRISES,TITLE 12-BANKS AND BANKING,CHAPTER 46-GOVERNMENT SPONSORED ENTERPRISES,binding,binding,primary-generally-accepted-accounting-principles,USCODE-2024-title12-chap46-subchapII-sec4613,USCODE-2024-title12,https://api.govinfo.gov/packages/USCODE-2024-title12/granules/USCODE-2024-title12-chap46-subchapII-sec4613/htm,https://uscode.house.gov/view.xhtml?req=granuleid:USCODE-2024-title12-chap46-subchapII-sec4613,downloads/raw/govinfo-fulltext/USCODE-2024-title12-chap46-subchapII-sec4613.htm,2026-09-11,,false
12,12 U.S.C. § 4612,§4612. Minimum capital levels,CHAPTER 46-GOVERNMENT SPONSORED ENTERPRISES,TITLE 12-BANKS AND BANKING,CHAPTER 46-GOVERNMENT SPONSORED ENTERPRISES,binding,binding,primary-generally-accepted-accounting-principles,USCODE-2024-title12-chap46-subchapII-sec4612,USCODE-2024-title12,https://api.govinfo.gov/packages/USCODE-2024-title12/granules/USCODE-2024-title12-chap46-subchapII-sec4612/htm,https://uscode.house.gov/view.xhtml?req=granuleid:USCODE-2024-title12-chap46-subchapII-sec4612,downloads/raw/govinfo-fulltext/USCODE-2024-title12-chap46-subchapII-sec4612.htm,2026-09-11,,false
12,12 U.S.C. § 4516,§4516. Funding,CHAPTER 46-GOVERNMENT SPONSORED ENTERPRISES,TITLE 12-BANKS AND BANKING,CHAPTER 46-GOVERNMENT SPONSORED ENTERPRISES,binding,binding,primary-generally-accepted-accounting-principles,USCODE-2024-title12-chap46-subchapI-partA-sec4516,USCODE-2024-title12,https://api.govinfo.gov/packages/USCODE-2024-title12/granules/USCODE-2024-title12-chap46-subchapI-partA-sec4516/htm,https://uscode.house.gov/view.xhtml?req=granuleid:USCODE-2024-title12-chap46-subchapI-partA-sec4516,downloads/raw/govinfo-fulltext/USCODE-2024-title12-chap46-subchapI-partA-sec4516.htm,2026-09-11,,false
12,12 U.S.C. § 4502,§4502. Definitions,CHAPTER 46-GOVERNMENT SPONSORED ENTERPRISES,TITLE 12-BANKS AND BANKING,CHAPTER 46-GOVERNMENT SPONSORED ENTERPRISES,binding,binding,primary-generally-accepted-accounting-principles,USCODE-2024-title12-chap46-sec4502,USCODE-2024-title12,https://api.govinfo.gov/packages/USCODE-2024-title12/granules/USCODE-2024-title12-chap46-sec4502/htm,https://uscode.house.gov/view.xhtml?req=granuleid:USCODE-2024-title12-chap46-sec4502,downloads/raw/govinfo-fulltext/USCODE-2024-title12-chap46-sec4502.htm,2026-09-11,,false
12,12 U.S.C. § 3101,§3101. Definitions,CHAPTER 32-FOREIGN BANK PARTICIPATION IN DOMESTIC MARKETS,TITLE 12-BANKS AND BANKING,CHAPTER 32-FOREIGN BANK PARTICIPATION IN DOMESTIC MARKETS,binding,binding,primary-generally-accepted-accounting-principles;variant-generally-accepted-accounting-principles-in-the-united-states,USCODE-2024-title12-chap32-sec3101,USCODE-2024-title12,https://api.govinfo.gov/packages/USCODE-2024-title12/granules/USCODE-2024-title12-chap32-sec3101/htm,https://uscode.house.gov/view.xhtml?req=granuleid:USCODE-2024-title12-chap32-sec3101,downloads/raw/govinfo-fulltext/USCODE-2024-title12-chap32-sec3101.htm,2026-09-11,,false
12,12 U.S.C. § 3051,§3051. Nonprofit corporation,CHAPTER 31-NATIONAL CONSUMER COOPERATIVE BANK,TITLE 12-BANKS AND BANKING,CHAPTER 31-NATIONAL CONSUMER COOPERATIVE BANK,binding,binding,primary-generally-accepted-accounting-principles,USCODE-2024-title12-chap31-subchapII-sec3051,USCODE-2024-title12,https://api.govinfo.gov/packages/USCODE-2024-title12/granules/USCODE-2024-title12-chap31-subchapII-sec3051/htm,https://uscode.house.gov/view.xhtml?req=granuleid:USCODE-2024-title12-chap31-subchapII-sec3051,downloads/raw/govinfo-fulltext/USCODE-2024-title12-chap31-subchapII-sec3051.htm,2026-09-11,,false
12,12 U.S.C. § 3015,§3015. Eligibility of cooperatives,CHAPTER 31-NATIONAL CONSUMER COOPERATIVE BANK,TITLE 12-BANKS AND BANKING,CHAPTER 31-NATIONAL CONSUMER COOPERATIVE BANK,binding,binding,primary-generally-accepted-accounting-principles,USCODE-2024-title12-chap31-subchapI-sec3015,USCODE-2024-title12,https://api.govinfo.gov/packages/USCODE-2024-title12/granules/USCODE-2024-title12-chap31-subchapI-sec3015/htm,https://uscode.house.gov/view.xhtml?req=granuleid:USCODE-2024-title12-chap31-subchapI-sec3015,downloads/raw/govinfo-fulltext/USCODE-2024-title12-chap31-subchapI-sec3015.htm,2026-09-11,,false
12,12 U.S.C. § 2279bb-2,§2279bb–2. Minimum capital level,CHAPTER 23-FARM CREDIT SYSTEM,TITLE 12-BANKS AND BANKING,CHAPTER 23-FARM CREDIT SYSTEM,binding,binding,primary-generally-accepted-accounting-principles,USCODE-2024-title12-chap23-subchapVIII-partB-sec2279bb-2,USCODE-2024-title12,https://api.govinfo.gov/packages/USCODE-2024-title12/granules/USCODE-2024-title12-chap23-subchapVIII-partB-sec2279bb-2/htm,https://uscode.house.gov/view.xhtml?req=granuleid:USCODE-2024-title12-chap23-subchapVIII-partB-sec2279bb-2,downloads/raw/govinfo-fulltext/USCODE-2024-title12-chap23-subchapVIII-partB-sec2279bb-2.htm,2026-09-11,,false
12,12 U.S.C. § 2279bb,§2279bb. Definitions,CHAPTER 23-FARM CREDIT SYSTEM,TITLE 12-BANKS AND BANKING,CHAPTER 23-FARM CREDIT SYSTEM,binding,binding,primary-generally-accepted-accounting-principles,USCODE-2024-title12-chap23-subchapVIII-partB-sec2279bb,USCODE-2024-title12,https://api.govinfo.gov/packages/USCODE-2024-title12/granules/USCODE-2024-title12-chap23-subchapVIII-partB-sec2279bb/htm,https://uscode.house.gov/view.xhtml?req=granuleid:USCODE-2024-title12-chap23-subchapVIII-partB-sec2279bb,downloads/raw/govinfo-fulltext/USCODE-2024-title12-chap23-subchapVIII-partB-sec2279bb.htm,2026-09-11,,false
12,12 U.S.C. § 2279bb,§2279bb. Definitions,CHAPTER 23-FARM CREDIT SYSTEM,TITLE 12-BANKS AND BANKING,CHAPTER 23-FARM CREDIT SYSTEM,binding,binding,primary-generally-accepted-accounting-principles,USCODE-2024-title12-chap23-subchapVIII-partB-sec2279bb,USCODE-2024-title12,https://api.govinfo.gov/packages/USCODE-2024-title12/granules/USCODE-2024-title12-chap23-subchapVIII-partB-sec2279bb/htm,https://uscode.house.gov/view.xhtml?req=granuleid:USCODE-2024-title12-chap23-subchapVIII-partB-sec2279bb,downloads/raw/govinfo-fulltext/USCODE-2024-title12-chap23-subchapVIII-partB-sec2279bb.htm,2026-09-11,,false
12,12 U.S.C. § 2279aa-11,"§2279aa–11. Supervision, examination, and report of condition",CHAPTER 23-FARM CREDIT SYSTEM,TITLE 12-BANKS AND BANKING,CHAPTER 23-FARM CREDIT SYSTEM,binding,binding,primary-generally-accepted-accounting-principles,USCODE-2024-title12-chap23-subchapVIII-partA-sec2279aa-11,USCODE-2024-title12,https://api.govinfo.gov/packages/USCODE-2024-title12/granules/USCODE-2024-title12-chap23-subchapVIII-partA-sec2279aa-11/htm,https://uscode.house.gov/view.xhtml?req=granuleid:USCODE-2024-title12-chap23-subchapVIII-partA-sec2279aa-11,downloads/raw/govinfo-fulltext/USCODE-2024-title12-chap23-subchapVIII-partA-sec2279aa-11.htm,2026-09-11,,false
12,12 U.S.C. § 2254,§2254. Examinations,CHAPTER 23-FARM CREDIT SYSTEM,TITLE 12-BANKS AND BANKING,CHAPTER 23-FARM CREDIT SYSTEM,binding,binding,primary-generally-accepted-accounting-principles,USCODE-2024-title12-chap23-subchapV-partB-sec2254,USCODE-2024-title12,https://api.govinfo.gov/packages/USCODE-2024-title12/granules/USCODE-2024-title12-chap23-subchapV-partB-sec2254/htm,https://uscode.house.gov/view.xhtml?req=granuleid:USCODE-2024-title12-chap23-subchapV-partB-sec2254,downloads/raw/govinfo-fulltext/USCODE-2024-title12-chap23-subchapV-partB-sec2254.htm,2026-09-11,,false
12,12 U.S.C. § 2074,§2074. Production credit association capitalization,CHAPTER 23-FARM CREDIT SYSTEM,TITLE 12-BANKS AND BANKING,CHAPTER 23-FARM CREDIT SYSTEM,binding,binding,primary-generally-accepted-accounting-principles,USCODE-2024-title12-chap23-subchapII-partA-sec2074,USCODE-2024-title12,https://api.govinfo.gov/packages/USCODE-2024-title12/granules/USCODE-2024-title12-chap23-subchapII-partA-sec2074/htm,https://uscode.house.gov/view.xhtml?req=granuleid:USCODE-2024-title12-chap23-subchapII-partA-sec2074,downloads/raw/govinfo-fulltext/USCODE-2024-title12-chap23-subchapII-partA-sec2074.htm,2026-09-11,,false
12,12 U.S.C. § 2013,§2013. General corporate powers,CHAPTER 23-FARM CREDIT SYSTEM,TITLE 12-BANKS AND BANKING,CHAPTER 23-FARM CREDIT SYSTEM,permissive,permissive,primary-generally-accepted-accounting-principles,USCODE-2024-title12-chap23-subchapI-sec2013,USCODE-2024-title12,https://api.govinfo.gov/packages/USCODE-2024-title12/granules/USCODE-2024-title12-chap23-subchapI-sec2013/htm,https://uscode.house.gov/view.xhtml?req=granuleid:USCODE-2024-title12-chap23-subchapI-sec2013,downloads/raw/govinfo-fulltext/USCODE-2024-title12-chap23-subchapI-sec2013.htm,2026-09-11,,false
12,12 U.S.C. § 24a,§24a. Financial subsidiaries of national banks,CHAPTER 2-NATIONAL BANKS,TITLE 12-BANKS AND BANKING,CHAPTER 2-NATIONAL BANKS,binding,binding,primary-generally-accepted-accounting-principles,USCODE-2024-title12-chap2-subchapI-sec24a,USCODE-2024-title12,https://api.govinfo.gov/packages/USCODE-2024-title12/granules/USCODE-2024-title12-chap2-subchapI-sec24a/htm,https://uscode.house.gov/view.xhtml?req=granuleid:USCODE-2024-title12-chap2-subchapI-sec24a,downloads/raw/govinfo-fulltext/USCODE-2024-title12-chap2-subchapI-sec24a.htm,2026-09-11,,false
12,12 U.S.C. § 1835,§1835. Insured depository institution capital requirements for transfers of small business obligations,CHAPTER 16-FEDERAL DEPOSIT INSURANCE CORPORATION,TITLE 12-BANKS AND BANKING,CHAPTER 16-FEDERAL DEPOSIT INSURANCE CORPORATION,binding,binding,primary-generally-accepted-accounting-principles,USCODE-2024-title12-chap16-sec1835,USCODE-2024-title12,https://api.govinfo.gov/packages/USCODE-2024-title12/granules/USCODE-2024-title12-chap16-sec1835/htm,https://uscode.house.gov/view.xhtml?req=granuleid:USCODE-2024-title12-chap16-sec1835,downloads/raw/govinfo-fulltext/USCODE-2024-title12-chap16-sec1835.htm,2026-09-11,,false
12,12 U.S.C. § 1835,§1835. Insured depository institution capital requirements for transfers of small business obligations,CHAPTER 16-FEDERAL DEPOSIT INSURANCE CORPORATION,TITLE 12-BANKS AND BANKING,CHAPTER 16-FEDERAL DEPOSIT INSURANCE CORPORATION,binding,binding,primary-generally-accepted-accounting-principles,USCODE-2024-title12-chap16-sec1835,USCODE-2024-title12,https://api.govinfo.gov/packages/USCODE-2024-title12/granules/USCODE-2024-title12-chap16-sec1835/htm,https://uscode.house.gov/view.xhtml?req=granuleid:USCODE-2024-title12-chap16-sec1835,downloads/raw/govinfo-fulltext/USCODE-2024-title12-chap16-sec1835.htm,2026-09-11,,false
12,12 U.S.C. § 1835,§1835. Insured depository institution capital requirements for transfers of small business obligations,CHAPTER 16-FEDERAL DEPOSIT INSURANCE CORPORATION,TITLE 12-BANKS AND BANKING,CHAPTER 16-FEDERAL DEPOSIT INSURANCE CORPORATION,definition,binding,primary-generally-accepted-accounting-principles,USCODE-2024-title12-chap16-sec1835,USCODE-2024-title12,https://api.govinfo.gov/packages/USCODE-2024-title12/granules/USCODE-2024-title12-chap16-sec1835/htm,https://uscode.house.gov/view.xhtml?req=granuleid:USCODE-2024-title12-chap16-sec1835,downloads/raw/govinfo-fulltext/USCODE-2024-title12-chap16-sec1835.htm,2026-09-11,,false
12,12 U.S.C. § 1834b,§1834b. Community development organizations,CHAPTER 16-FEDERAL DEPOSIT INSURANCE CORPORATION,TITLE 12-BANKS AND BANKING,CHAPTER 16-FEDERAL DEPOSIT INSURANCE CORPORATION,binding,binding,primary-generally-accepted-accounting-principles,USCODE-2024-title12-chap16-sec1834b,USCODE-2024-title12,https://api.govinfo.gov/packages/USCODE-2024-title12/granules/USCODE-2024-title12-chap16-sec1834b/htm,https://uscode.house.gov/view.xhtml?req=granuleid:USCODE-2024-title12-chap16-sec1834b,downloads/raw/govinfo-fulltext/USCODE-2024-title12-chap16-sec1834b.htm,2026-09-11,,false
12,12 U.S.C. § 1831t,§1831t. Depository institutions lacking Federal deposit insurance,CHAPTER 16-FEDERAL DEPOSIT INSURANCE CORPORATION,TITLE 12-BANKS AND BANKING,CHAPTER 16-FEDERAL DEPOSIT INSURANCE CORPORATION,binding,binding,primary-generally-accepted-accounting-principles,USCODE-2024-title12-chap16-sec1831t,USCODE-2024-title12,https://api.govinfo.gov/packages/USCODE-2024-title12/granules/USCODE-2024-title12-chap16-sec1831t/htm,https://uscode.house.gov/view.xhtml?req=granuleid:USCODE-2024-title12-chap16-sec1831t,downloads/raw/govinfo-fulltext/USCODE-2024-title12-chap16-sec1831t.htm,2026-09-11,,false
12,12 U.S.C. § 1831m,§1831m. Early identification of needed improvements in financial management,CHAPTER 16-FEDERAL DEPOSIT INSURANCE CORPORATION,TITLE 12-BANKS AND BANKING,CHAPTER 16-FEDERAL DEPOSIT INSURANCE CORPORATION,binding,binding,primary-generally-accepted-accounting-principles,USCODE-2024-title12-chap16-sec1831m,USCODE-2024-title12,https://api.govinfo.gov/packages/USCODE-2024-title12/granules/USCODE-2024-title12-chap16-sec1831m/htm,https://uscode.house.gov/view.xhtml?req=granuleid:USCODE-2024-title12-chap16-sec1831m,downloads/raw/govinfo-fulltext/USCODE-2024-title12-chap16-sec1831m.htm,2026-09-11,2026-09-11,false
12,12 U.S.C. § 1831m,§1831m. Early identification of needed improvements in financial management,CHAPTER 16-FEDERAL DEPOSIT INSURANCE CORPORATION,TITLE 12-BANKS AND BANKING,CHAPTER 16-FEDERAL DEPOSIT INSURANCE CORPORATION,binding,binding,primary-generally-accepted-accounting-principles,USCODE-2024-title12-chap16-sec1831m,USCODE-2024-title12,https://api.govinfo.gov/packages/USCODE-2024-title12/granules/USCODE-2024-title12-chap16-sec1831m/htm,https://uscode.house.gov/view.xhtml?req=granuleid:USCODE-2024-title12-chap16-sec1831m,downloads/raw/govinfo-fulltext/USCODE-2024-title12-chap16-sec1831m.htm,2026-09-11,2026-09-11,false
12,12 U.S.C. § 1817,§1817. Assessments,CHAPTER 16-FEDERAL DEPOSIT INSURANCE CORPORATION,TITLE 12-BANKS AND BANKING,CHAPTER 16-FEDERAL DEPOSIT INSURANCE CORPORATION,binding,binding,primary-generally-accepted-accounting-principles,USCODE-2024-title12-chap16-sec1817,USCODE-2024-title12,https://api.govinfo.gov/packages/USCODE-2024-title12/granules/USCODE-2024-title12-chap16-sec1817/htm,https://uscode.house.gov/view.xhtml?req=granuleid:USCODE-2024-title12-chap16-sec1817,downloads/raw/govinfo-fulltext/USCODE-2024-title12-chap16-sec1817.htm,2026-09-11,,false
12,12 U.S.C. § 1790d,§1790d. Prompt corrective action,CHAPTER 14-FEDERAL CREDIT UNIONS,TITLE 12-BANKS AND BANKING,CHAPTER 14-FEDERAL CREDIT UNIONS,definition,definition,primary-generally-accepted-accounting-principles,USCODE-2024-title12-chap14-subchapII-sec1790d,USCODE-2024-title12,https://api.govinfo.gov/packages/USCODE-2024-title12/granules/USCODE-2024-title12-chap14-subchapII-sec1790d/htm,https://uscode.house.gov/view.xhtml?req=granuleid:USCODE-2024-title12-chap14-subchapII-sec1790d,downloads/raw/govinfo-fulltext/USCODE-2024-title12-chap14-subchapII-sec1790d.htm,2026-09-11,,false
12,12 U.S.C. § 1782,§1782. Administration of insurance fund,CHAPTER 14-FEDERAL CREDIT UNIONS,TITLE 12-BANKS AND BANKING,CHAPTER 14-FEDERAL CREDIT UNIONS,binding,binding,primary-generally-accepted-accounting-principles,USCODE-2024-title12-chap14-subchapII-sec1782,USCODE-2024-title12,https://api.govinfo.gov/packages/USCODE-2024-title12/granules/USCODE-2024-title12-chap14-subchapII-sec1782/htm,https://uscode.house.gov/view.xhtml?req=granuleid:USCODE-2024-title12-chap14-subchapII-sec1782,downloads/raw/govinfo-fulltext/USCODE-2024-title12-chap14-subchapII-sec1782.htm,2026-09-11,,false
12,12 U.S.C. § 1782,§1782. Administration of insurance fund,CHAPTER 14-FEDERAL CREDIT UNIONS,TITLE 12-BANKS AND BANKING,CHAPTER 14-FEDERAL CREDIT UNIONS,permissive,binding,primary-generally-accepted-accounting-principles,USCODE-2024-title12-chap14-subchapII-sec1782,USCODE-2024-title12,https://api.govinfo.gov/packages/USCODE-2024-title12/granules/USCODE-2024-title12-chap14-subchapII-sec1782/htm,https://uscode.house.gov/view.xhtml?req=granuleid:USCODE-2024-title12-chap14-subchapII-sec1782,downloads/raw/govinfo-fulltext/USCODE-2024-title12-chap14-subchapII-sec1782.htm,2026-09-11,,false
12,12 U.S.C. § 1757a,§1757a. Limitation on member business loans,CHAPTER 14-FEDERAL CREDIT UNIONS,TITLE 12-BANKS AND BANKING,CHAPTER 14-FEDERAL CREDIT UNIONS,definition,definition,primary-generally-accepted-accounting-principles,USCODE-2024-title12-chap14-subchapI-sec1757a,USCODE-2024-title12,https://api.govinfo.gov/packages/USCODE-2024-title12/granules/USCODE-2024-title12-chap14-subchapI-sec1757a/htm,https://uscode.house.gov/view.xhtml?req=granuleid:USCODE-2024-title12-chap14-subchapI-sec1757a,downloads/raw/govinfo-fulltext/USCODE-2024-title12-chap14-subchapI-sec1757a.htm,2026-09-11,,false
12,12 U.S.C. § 1735f-16,§1735f–16. Annual audited financial statements,CHAPTER 13-NATIONAL HOUSING,TITLE 12-BANKS AND BANKING,CHAPTER 13-NATIONAL HOUSING,binding,binding,primary-generally-accepted-accounting-principles,USCODE-2024-title12-chap13-subchapV-sec1735f-16,USCODE-2024-title12,https://api.govinfo.gov/packages/USCODE-2024-title12/granules/USCODE-2024-title12-chap13-subchapV-sec1735f-16/htm,https://uscode.house.gov/view.xhtml?req=granuleid:USCODE-2024-title12-chap13-subchapV-sec1735f-16,downloads/raw/govinfo-fulltext/USCODE-2024-title12-chap13-subchapV-sec1735f-16.htm,2026-09-11,,false
12,12 U.S.C. § 1723a,§1723a. General powers of Government National Mortgage Association and Federal National Mortgage Association,CHAPTER 13-NATIONAL HOUSING,TITLE 12-BANKS AND BANKING,CHAPTER 13-NATIONAL HOUSING,binding,binding,primary-generally-accepted-accounting-principles,USCODE-2024-title12-chap13-subchapIII-sec1723a,USCODE-2024-title12,https://api.govinfo.gov/packages/USCODE-2024-title12/granules/USCODE-2024-title12-chap13-subchapIII-sec1723a/htm,https://uscode.house.gov/view.xhtml?req=granuleid:USCODE-2024-title12-chap13-subchapIII-sec1723a,downloads/raw/govinfo-fulltext/USCODE-2024-title12-chap13-subchapIII-sec1723a.htm,2026-09-11,,false
12,12 U.S.C. § 1723a,§1723a. General powers of Government National Mortgage Association and Federal National Mortgage Association,CHAPTER 13-NATIONAL HOUSING,TITLE 12-BANKS AND BANKING,CHAPTER 13-NATIONAL HOUSING,binding,binding,primary-generally-accepted-accounting-principles,USCODE-2024-title12-chap13-subchapIII-sec1723a,USCODE-2024-title12,https://api.govinfo.gov/packages/USCODE-2024-title12/granules/USCODE-2024-title12-chap13-subchapIII-sec1723a/htm,https://uscode.house.gov/view.xhtml?req=granuleid:USCODE-2024-title12-chap13-subchapIII-sec1723a,downloads/raw/govinfo-fulltext/USCODE-2024-title12-chap13-subchapIII-sec1723a.htm,2026-09-11,,false
12,12 U.S.C. § 1702,§1702. Administrative provisions,CHAPTER 13-NATIONAL HOUSING,TITLE 12-BANKS AND BANKING,CHAPTER 13-NATIONAL HOUSING,binding,binding,primary-generally-accepted-accounting-principles,USCODE-2024-title12-chap13-subchapI-sec1702,USCODE-2024-title12,https://api.govinfo.gov/packages/USCODE-2024-title12/granules/USCODE-2024-title12-chap13-subchapI-sec1702/htm,https://uscode.house.gov/view.xhtml?req=granuleid:USCODE-2024-title12-chap13-subchapI-sec1702,downloads/raw/govinfo-fulltext/USCODE-2024-title12-chap13-subchapI-sec1702.htm,2026-09-11,,false
12,12 U.S.C. § 1463,§1463. Supervision of savings associations,CHAPTER 12-SAVINGS ASSOCIATIONS,TITLE 12-BANKS AND BANKING,CHAPTER 12-SAVINGS ASSOCIATIONS,binding,binding,primary-generally-accepted-accounting-principles,USCODE-2024-title12-chap12-sec1463,USCODE-2024-title12,https://api.govinfo.gov/packages/USCODE-2024-title12/granules/USCODE-2024-title12-chap12-sec1463/htm,https://uscode.house.gov/view.xhtml?req=granuleid:USCODE-2024-title12-chap12-sec1463,downloads/raw/govinfo-fulltext/USCODE-2024-title12-chap12-sec1463.htm,2026-09-11,,false
12,12 U.S.C. § 1456,§1456. Immunity of Corporation; audits and reporting requirements; data collection; Housing Advisory Council,CHAPTER 11A-FEDERAL HOME LOAN MORTGAGE CORPORATION,TITLE 12-BANKS AND BANKING,CHAPTER 11A-FEDERAL HOME LOAN MORTGAGE CORPORATION,binding,binding,primary-generally-accepted-accounting-principles,USCODE-2024-title12-chap11A-sec1456,USCODE-2024-title12,https://api.govinfo.gov/packages/USCODE-2024-title12/granules/USCODE-2024-title12-chap11A-sec1456/htm,https://uscode.house.gov/view.xhtml?req=granuleid:USCODE-2024-title12-chap11A-sec1456,downloads/raw/govinfo-fulltext/USCODE-2024-title12-chap11A-sec1456.htm,2026-09-11,,false
12,12 U.S.C. § 1456,§1456. Immunity of Corporation; audits and reporting requirements; data collection; Housing Advisory Council,CHAPTER 11A-FEDERAL HOME LOAN MORTGAGE CORPORATION,TITLE 12-BANKS AND BANKING,CHAPTER 11A-FEDERAL HOME LOAN MORTGAGE CORPORATION,binding,binding,primary-generally-accepted-accounting-principles,USCODE-2024-title12-chap11A-sec1456,USCODE-2024-title12,https://api.govinfo.gov/packages/USCODE-2024-title12/granules/USCODE-2024-title12-chap11A-sec1456/htm,https://uscode.house.gov/view.xhtml?req=granuleid:USCODE-2024-title12-chap11A-sec1456,downloads/raw/govinfo-fulltext/USCODE-2024-title12-chap11A-sec1456.htm,2026-09-11,,false
12,12 U.S.C. § 1441b,§1441b. Resolution Funding Corporation established,CHAPTER 11-FEDERAL HOME LOAN BANKS,TITLE 12-BANKS AND BANKING,CHAPTER 11-FEDERAL HOME LOAN BANKS,binding,binding,primary-generally-accepted-accounting-principles,USCODE-2024-title12-chap11-sec1441b,USCODE-2024-title12,https://api.govinfo.gov/packages/USCODE-2024-title12/granules/USCODE-2024-title12-chap11-sec1441b/htm,https://uscode.house.gov/view.xhtml?req=granuleid:USCODE-2024-title12-chap11-sec1441b,downloads/raw/govinfo-fulltext/USCODE-2024-title12-chap11-sec1441b.htm,2026-09-11,,false
12,12 U.S.C. § 1441a-1,§1441a–1. Definitions,CHAPTER 11-FEDERAL HOME LOAN BANKS,TITLE 12-BANKS AND BANKING,CHAPTER 11-FEDERAL HOME LOAN BANKS,binding,binding,primary-generally-accepted-accounting-principles,USCODE-2024-title12-chap11-sec1441a-1,USCODE-2024-title12,https://api.govinfo.gov/packages/USCODE-2024-title12/granules/USCODE-2024-title12-chap11-sec1441a-1/htm,https://uscode.house.gov/view.xhtml?req=granuleid:USCODE-2024-title12-chap11-sec1441a-1,downloads/raw/govinfo-fulltext/USCODE-2024-title12-chap11-sec1441a-1.htm,2026-09-11,,false
12,12 U.S.C. § 1426,§1426. Capital structure of Federal home loan banks,CHAPTER 11-FEDERAL HOME LOAN BANKS,TITLE 12-BANKS AND BANKING,CHAPTER 11-FEDERAL HOME LOAN BANKS,binding,binding,primary-generally-accepted-accounting-principles,USCODE-2024-title12-chap11-sec1426,USCODE-2024-title12,https://api.govinfo.gov/packages/USCODE-2024-title12/granules/USCODE-2024-title12-chap11-sec1426/htm,https://uscode.house.gov/view.xhtml?req=granuleid:USCODE-2024-title12-chap11-sec1426,downloads/raw/govinfo-fulltext/USCODE-2024-title12-chap11-sec1426.htm,2026-09-11,,false
12,12 U.S.C. § 1426,§1426. Capital structure of Federal home loan banks,CHAPTER 11-FEDERAL HOME LOAN BANKS,TITLE 12-BANKS AND BANKING,CHAPTER 11-FEDERAL HOME LOAN BANKS,permissive,binding,primary-generally-accepted-accounting-principles,USCODE-2024-title12-chap11-sec1426,USCODE-2024-title12,https://api.govinfo.gov/packages/USCODE-2024-title12/granules/USCODE-2024-title12-chap11-sec1426/htm,https://uscode.house.gov/view.xhtml?req=granuleid:USCODE-2024-title12-chap11-sec1426,downloads/raw/govinfo-fulltext/USCODE-2024-title12-chap11-sec1426.htm,2026-09-11,,false
10,10 U.S.C. § 3802,10 USC 3802: Payment,,,,binding,binding,manual-supplement:enacted/renumbered after USCODE-2024 static release; absent from govinfo USCODE-2024 collection search,,,https://uscode.house.gov/view.xhtml?req=(title:10%20section:3802%20edition:prelim),https://uscode.house.gov/view.xhtml?req=(title:10%20section:3802%20edition:prelim),downloads/raw/uscode-house-prelim/usc-10-3802-prelim.html,2026-09-11,2026-09-11,false
10,10 U.S.C. § 3802,10 USC 3802: Payment,,,,binding,binding,manual-supplement:enacted/renumbered after USCODE-2024 static release; absent from govinfo USCODE-2024 collection search,,,https://uscode.house.gov/view.xhtml?req=(title:10%20section:3802%20edition:prelim),https://uscode.house.gov/view.xhtml?req=(title:10%20section:3802%20edition:prelim),downloads/raw/uscode-house-prelim/usc-10-3802-prelim.html,2026-09-11,2026-09-11,false
12,12 U.S.C. § 5903,12 USC 5903: Requirements for issuing payment stablecoins,,,,binding,binding,"manual-supplement:added by the GENIUS Act (2025), after USCODE-2024 static release; absent from govinfo USCODE-2024 collection search",,,https://uscode.house.gov/view.xhtml?req=(title:12%20section:5903%20edition:prelim),https://uscode.house.gov/view.xhtml?req=(title:12%20section:5903%20edition:prelim),downloads/raw/uscode-house-prelim/usc-12-5903-prelim.html,2026-09-11,2026-09-11,false
